year,mean_Aquatic_predator,upper97p5_Aquatic_predator,lower2p5_Aquatic_predator,mean_Frugivore,upper97p5_Frugivore,lower2p5_Frugivore,mean_Granivore,upper97p5_Granivore,lower2p5_Granivore,mean_Herbivore_aquatic,upper97p5_Herbivore_aquatic,lower2p5_Herbivore_aquatic,mean_Herbivore_terrestrial,upper97p5_Herbivore_terrestrial,lower2p5_Herbivore_terrestrial,mean_Invertivore,upper97p5_Invertivore,lower2p5_Invertivore,mean_Nectarivore,upper97p5_Nectarivore,lower2p5_Nectarivore,mean_Omnivore,upper97p5_Omnivore,lower2p5_Omnivore,mean_Scavenger,upper97p5_Scavenger,lower2p5_Scavenger,mean_Vertivore,upper97p5_Vertivore,lower2p5_Vertivore
1970,0,0,0,0,0,0,0,0,0,0,0,0,0,0,0,0,0,0,0,0,0,0,0,0,0,0,0,0,0,0
1971,-0.29841299391630655,6.764190565999387,-6.284653806740808,0.3799757344768891,4.822702699830177,-4.237359629673973,-0.8832586033538756,1.2882518908401517,-3.0016171470612756,-0.4110236865665553,2.791108570189668,-3.4223993313654693,-0.3536229517836185,2.884869015521877,-3.5082719125194353,-0.6012525894608175,0.8369917572106664,-1.9789655440889264,-0.21515381379909515,3.1628728927994945,-3.557427787310241,-0.7841629034557707,1.0496487078363417,-2.581107328825576,0.1189691856784633,5.289575793433642,-4.604497172889035,-0.27724854166845403,2.4891009165616165,-3.031933615020368
1972,-0.6319858509689759,6.15055873067941,-7.177530506520162,0.5234387923033831,4.822977762607677,-3.591302670731882,-1.807831886368149,0.21749667470519818,-3.83999626491612,-0.8278902144733976,2.2897476262283076,-3.8961556886154103,-0.8737893978355125,2.514849766317845,-4.18689383167391,-1.2857529429545709,0.03669878139361251,-2.622712283676443,-0.36635212566038766,2.9570417167249334,-3.5943257683592553,-1.6875780801081246,0.2061282463512215,-3.4484195765242474,0.4732954817974001,5.629797065851627,-4.1456573674196555,-0.33804483893048115,2.2300268329291795,-2.938953933814167
1973,-0.9042415043877928,5.889246836160935,-7.367164704750943,0.917287479174177,5.681873497388466,-3.504800641136224,-2.7458909990094313,-0.5961063650913054,-4.904725883716525,-1.3011539685515865,2.2348807775986437,-4.586758921204568,-1.191937748768887,1.9529432257846717,-4.299397353429689,-1.9444127150801727,-0.6995759769125764,-3.1754284545830505,-0.6834053751276455,2.623254104502718,-3.7726649695855308,-2.5501386528247534,-0.8078893544610458,-4.275067483937587,1.571620952994283,7.650965453751738,-3.9054714295241797,-0.3564246819851011,2.4100247026074997,-3.07500918906972
1974,-1.088157830261556,5.760097701813617,-7.227772525086486,1.3589254352604776,6.722887987603921,-4.260024956975246,-3.6937423914239123,-1.3418919615966647,-5.98083462689293,-2.070021746725765,1.6684270082341295,-6.017860500605289,-1.4972350142330397,1.637193764323684,-5.0098189480395545,-2.765021219064544,-1.4420948523426642,-4.072594543538337,-0.9879597797928251,2.541455135985663,-4.414572111084105,-3.399412024117358,-1.4829146931427006,-5.066821822006476,3.910537716820681,10.593717460994473,-2.221973798219219,-0.13060615767456465,2.8741890167657074,-3.1515982179974156
1975,-1.5464686205106706,4.823417751264064,-7.75867032072148,2.022577764933397,8.616039422841332,-4.347208091268427,-4.853664620402501,-2.6306476354847974,-7.241876435909941,-3.013359637694658,1.298797704287302,-7.480657178120534,-1.841607077572826,2.418095127016664,-5.9164817155128695,-3.741090423369049,-2.272440281065017,-5.078317571111539,-1.5603089646417003,2.5434467621249137,-5.6060534948989345,-4.471392321027328,-2.560797639043134,-6.2242453314756405,6.92570215387257,14.344860152512602,-0.03484364041874185,0.42114785796821136,3.7292126674665367,-2.7836592225408916
1976,-1.8101664509630149,4.766161711273165,-7.903180021501993,3.147474465726817,10.399768666403244,-4.305312315875585,-6.107315080843456,-3.8527362096969173,-8.340055512652203,-4.4498477319337155,0.6611085764619553,-9.30739717089644,-1.8000940578380755,3.306383347842858,-6.668535015610591,-4.7438541182709875,-3.2639651832995114,-6.2472541047389525,-2.260679837389764,2.0167373481359876,-6.599594432152172,-5.456252661694366,-3.6133325094496045,-7.3668115586143115,9.926064968881242,17.552308706094376,2.6853959868081216,0.9865027395464726,4.388973329989655,-2.4691340078457125
1977,-2.1882753346266743,4.8813597375685065,-8.934603928376367,4.169877792354883,12.696343542472054,-3.4409287912973863,-7.455416665935961,-5.067258427166648,-9.738618542884767,-5.868046200576358,-0.49040215023360517,-10.838981499306689,-1.466366366078189,4.807181641591213,-7.541751661992567,-5.6954554458258935,-4.164730490735554,-7.176287262210856,-3.3352819561165625,1.3159606750437949,-8.336677152037558,-6.586407924143343,-4.45524761690012,-8.578854033349744,12.945993574984943,20.781806706514434,5.871361359780345,1.3918806365643166,4.940264097778071,-1.9474413151651926
1978,-3.0534021987857964,3.7082535250849107,-10.576242490603057,4.997251768505478,13.662169823604321,-3.1182541389325946,-8.730439377916746,-6.375088867447365,-11.176399970176536,-7.674993248300884,-1.6009458303172777,-13.379981540095196,-0.9677210925370472,6.683672737252266,-8.334525493092654,-6.671814553459025,-5.1698887679056895,-8.187178892524338,-4.830467539151312,0.32853410204102407,-10.20360921160727,-7.663885426712869,-5.5429407687039856,-9.675430764505686,15.53460950536135,23.02380627300594,8.509268198013359,1.8795794631279341,5.430085172357268,-1.3982603524686463
1979,-3.7448019623893214,3.672621181032778,-10.557478113418929,6.187468020634727,14.599819399911532,-2.2834072824015745,-9.980894670990812,-7.669496185494051,-12.396646017667937,-9.905885766558747,-3.8404894841974735,-15.878278287837082,-0.47086846383810427,8.604571685140614,-8.570037955203457,-7.62197095468293,-5.938034969376438,-9.286797600714948,-5.962241458046242,-0.45881997985326556,-11.64519327778874,-8.773247510650199,-6.623406521304274,-10.730886738052241,18.357838604288904,26.70586494658953,10.524643147925286,2.253189850773494,5.850809239004752,-1.3255213890272257
1980,-4.829414753303057,2.9819180577092275,-11.863496645563494,7.3897597250748905,16.864237626197593,-1.2027987733272796,-11.150917628280215,-8.637672318083903,-13.607292561907794,-12.776688323346352,-6.657218410018071,-18.77320542532169,0.9718332850072348,12.78493678037415,-8.500950977108507,-8.502689358239675,-6.880463151542264,-10.062595320709214,-7.209291899608987,-2.0769924771079835,-12.633591535002994,-9.724742097597817,-7.516700522677469,-11.873268932759991,21.45319046241218,29.656822932299605,13.83657005079814,2.7576629770564893,6.433626262773371,-0.6484169103258455
1981,-5.570400828219991,2.4641752740685288,-13.110337536025845,8.400032899025778,17.056920507519774,0.13647097887446288,-12.462548615974187,-10.04542449339804,-14.829425246391683,-15.901906177892185,-9.79343471076755,-21.777154417486333,1.6095010883378293,13.43602650580172,-8.282951254770378,-9.330492297608306,-7.676012513766788,-10.985470479548468,-8.323381889389793,-2.649691925828978,-14.139296431181187,-10.613691080044761,-8.49523089917714,-12.778303239978747,24.346560976826453,32.83912970487356,15.968431443552854,3.145514383084866,6.56432048080855,-0.44050223881893585
1982,-6.335236441181559,2.4020160514244537,-13.707025047150266,9.301669537546402,18.32101054519302,0.7553067189703606,-13.620363700150484,-10.91332446704239,-16.006521201920282,-18.850984991070362,-12.900261071573707,-24.8560780106345,3.3797182459359583,16.68613102824613,-7.718914945349565,-10.185445832015464,-8.49746313006441,-11.930850577585046,-9.321169748768337,-3.636423863541822,-14.873944126898472,-11.447833403775798,-9.255142749370304,-13.492247584525982,27.49507243813973,35.53171550709185,18.780357478733503,3.4391852620474,7.116699961975462,-0.2071377635582649
1983,-7.595102826134003,1.5123615340680368,-15.822992137508717,10.360028571350206,19.668768224797482,1.7102297151192092,-14.773564355277031,-12.109553591066197,-17.389128632191895,-21.586190243628234,-14.878826279750848,-27.539669718666943,4.6061878647977945,19.795429831071306,-7.670855272334945,-10.879550830020333,-9.287494156346252,-12.414726744743541,-10.428345072800848,-4.189614650272703,-16.25102176846305,-12.26775194125281,-9.911319899494806,-14.47223114942291,30.48141395661466,39.730975175484815,22.66598285966695,3.953280985949262,7.426539689598682,0.4683860423989384
1984,-8.592323558829714,1.1706104089763276,-18.465191521929206,11.228344092652895,21.142634675011337,2.705204643958045,-15.995782277952655,-13.181358268496457,-18.627569756076838,-24.08955930207099,-17.19019103278578,-30.059641584901623,6.608558081230174,24.04259297871028,-7.644870937478817,-11.639504487274158,-9.95366023073729,-13.413219574915022,-11.35975984249352,-5.05007693857121,-17.45051401279669,-12.9269327148085,-10.859049898883042,-15.214040871498613,33.52369666963673,42.60691660407238,24.947285196022246,4.354505897422619,7.944006928166061,0.612812069987927
1985,-9.79753108444346,0.5609153072157094,-19.21829003759292,12.325933204201391,22.358954198639765,3.43212768029638,-17.00998912789188,-14.013468924654092,-19.578446340979497,-26.565771668373582,-20.19091681727429,-32.352214240084855,8.516069168564314,27.349335743681298,-6.8036641062281475,-12.307662922067188,-10.484646892790423,-13.926433007895396,-12.109661113360907,-5.8726714956478645,-18.3241110975792,-13.562200484433777,-11.337422527240337,-15.748274118068709,36.873807357484324,45.996125700636135,28.119357461468944,4.7682419797151585,8.575651619373806,1.1856086483070656
1986,-10.8685566572129,-0.3661007358391651,-21.003678431813903,13.067432452035904,21.528816915877282,4.174392808452306,-18.15970403513285,-15.062756153458075,-20.849405658948122,-28.566423723890864,-22.428633689999806,-34.24957956325833,11.068037622271893,32.875678605854766,-5.86925766258065,-12.92618288286159,-11.223710210949594,-14.447253134109634,-12.893022892412347,-6.365779829410714,-19.044108978132055,-14.15770581579539,-11.748767801719612,-16.324962394670017,40.42979426784585,50.3876693627097,30.75670770735941,5.281820049788118,8.64577330510749,1.7869413793111932
1987,-12.670055700824351,-1.4009620326486556,-23.032431131270275,13.93196431180829,24.124060323097034,4.340965303555234,-19.183646364211903,-16.06307267812583,-22.075476598596932,-30.594820202194686,-23.872124024642524,-36.081699779980255,14.286450058702162,37.8909475385982,-4.487227668972731,-13.561964865847923,-11.773233386792624,-15.235081075962068,-13.430961670719691,-6.2992279586491495,-19.82761771876092,-14.66973238921749,-12.160098297853569,-16.812795278707096,43.71251184645552,53.00766843065673,34.556147131861216,5.760707895759673,9.620299300110378,1.9757136318229047
1988,-13.853094232610333,-1.8271595954025193,-24.64486046402976,14.762873080872469,24.18047217920872,5.467572121733964,-20.175435163412615,-16.909147303164914,-23.210860558979952,-31.98648461833617,-26.11156180802038,-36.895857157838016,17.449519012189388,43.77077409550963,-1.9574868794362048,-14.148695841980093,-12.365979033039832,-15.914647440503368,-14.217174934970133,-7.15833589508431,-20.312493556432752,-15.125626634529064,-12.90182999943428,-17.376812736916538,47.42350722464301,57.01157616214776,38.085119742713516,6.226309412115037,9.92602176328546,2.47653502594429
1989,-15.289962264154807,-3.208115485443314,-26.44199136145377,15.431023582719478,25.66677707186441,5.825515189100776,-21.09943415417167,-17.564773278810023,-24.04433300662744,-33.04987452569175,-27.404619591933418,-38.526471741984416,20.85034482242124,47.16213569522821,-0.8495251165456382,-14.723776581503515,-13.0551395422085,-16.391680141120933,-14.911603902628944,-7.882288126505565,-21.611948297386498,-15.429633648352185,-13.089745978319721,-17.56012308079179,51.34576927916111,62.42692142582339,41.55999938284144,6.806496817447835,10.367846843360288,3.366112619586851
1990,-16.30440097720086,-3.308254570918173,-27.75294964206557,16.499820529354498,27.200652718603443,6.7311670728478505,-22.044559209364326,-18.383824482399238,-24.929679773045137,-33.323614010525674,-27.687032739909593,-38.951343261692564,26.918649204258028,57.19020696819806,3.4357676077525148,-15.274071136317083,-13.428910120543952,-16.948100805271363,-15.442317908644371,-8.014196343018611,-22.003926617291242,-15.768222208312746,-13.280428393033857,-17.96891190568756,55.74764704388102,65.73808473310791,45.730041375388694,7.355215132083499,10.741091122703358,3.7831705215633384
1991,-17.503433052414536,-3.243110406159678,-28.185398029358385,17.01479697137318,26.923774695088145,7.513582551513384,-22.902370732031194,-19.65426035552098,-25.658731833002395,-32.2829175287027,-25.780575521888565,-37.727763325028114,31.02012999166278,62.43218877033736,4.458018292288287,-15.847712708115608,-14.055947112903787,-17.51705012476489,-15.872391519499574,-8.484863607805634,-22.332414972221954,-15.877849723596333,-13.462077970871531,-18.18626023733014,59.79285795129066,71.19257736206067,50.06134798352736,7.907347410761272,11.64831033180322,4.347563944773907
1992,-18.5173594280859,-5.5117675590580655,-29.446251423060616,17.795754262328902,27.952708440635647,8.376375453739191,-23.745230652118327,-20.750335897355004,-26.375908754527256,-29.4784954425352,-23.00837714889974,-35.09059089876905,37.46013547808429,68.06075192542794,10.65629264739773,-16.31979709345251,-14.565998452888362,-17.90013260477142,-16.4002098522966,-8.109745606430634,-23.14904801502737,-16.022624537289794,-13.459686128534665,-18.226040008535282,64.55203421017366,75.3403091027442,53.690094539757865,8.414589110097147,12.23406225995825,4.432659598878599
1993,-19.59335641849316,-5.177637842427909,-31.135295288083448,18.037812609141692,28.846487108951496,8.237668125511258,-24.52197652519835,-21.654535057068365,-27.080805660465728,-25.25309179558385,-18.871636050108197,-31.429933980809555,44.82914082633995,80.3544775807104,15.19811400878073,-16.86055324755895,-15.25886994821792,-18.406377372042606,-16.645604364711524,-9.158346607785873,-23.596013735890953,-16.092339983929513,-13.341156656665653,-18.38889909476247,69.31968825990056,81.1198869936638,59.06909162881494,9.091469261276465,12.735005576715915,5.447249144302061
1994,-20.339780784229127,-5.839388125998558,-31.343929516620914,18.619758216277816,28.594500981921726,9.080209742669135,-25.34205297465139,-22.40461849249545,-27.93543811785627,-19.300404027246998,-12.046778198866953,-25.88170627057056,53.21461739399176,94.0057097566542,21.011773853612922,-17.422652425601516,-15.817515832887317,-19.085864853350387,-17.129135744649194,-8.071841266517191,-24.00123100519841,-16.076445377858203,-13.638187064998862,-18.489370838852885,74.55723099079428,86.78638142460656,63.39972638400745,9.868462714940588,13.733472986990378,6.078117111429145
1995,-21.309697707944302,-6.258171878639254,-32.75693337936403,18.854673210903552,29.136329822246616,9.249717403075564,-26.1031841113438,-23.09333168531444,-28.738877959155083,-12.323344441408615,-3.903505285296661,-19.877383136196713,64.88479477428191,107.78985109594281,27.92536587496553,-17.89223176794372,-16.34394884492293,-19.43642764775839,-17.46347769871251,-8.762008903382892,-24.906977616593036,-16.004954006011406,-13.542334844076326,-18.327662294509405,79.4640221094214,91.39515451532176,67.95549833750067,10.51674651752517,14.530245607360188,6.790427573673898
1996,-22.514208402401778,-6.880730823662691,-33.68381493069351,19.177583446090246,29.135830503728183,9.140984515306018,-26.892417053719118,-23.985168135456522,-29.461163068246474,-5.699461445475783,4.105095545092882,-14.007929356460235,74.9042902910619,121.26228536083376,36.2835883259172,-18.433647627026552,-16.804843221961875,-20.019009486501265,-17.72090035262013,-8.319924926785037,-25.256296396043684,-15.924779883389315,-13.194091517783374,-18.23341236372767,84.9637852980038,98.01995097542184,73.34181134285845,11.153923103646507,15.123643241935618,7.085676919727181
1997,-23.32740998611941,-9.732546887548796,-34.38861090670613,19.62164775455605,30.525151835341525,9.90998396386077,-27.520208161041005,-24.548225023353343,-30.101302418098996,-1.0282305899115634,9.40614876264713,-9.427222974381232,88.12420559382119,140.13624983683437,46.56777452984881,-18.86122804664564,-17.2559169723939,-20.445678781826903,-17.791053285786244,-8.772979319176432,-25.43236726291602,-15.646191501173869,-12.776299522260432,-18.333309341765766,90.43098536762923,103.76612445251445,77.86134398044538,11.97144351234152,15.913933388832998,8.12873322460633
1998,-24.50375085514436,-11.254089077124195,-35.757017625697536,19.65390512185264,30.563269094220125,10.228907039695143,-28.29518371084753,-25.30585366714596,-30.763386789667774,0.7039777163122959,10.448396414794804,-7.846788996623384,99.84500588379547,153.90718056382815,58.58481767149433,-19.269107661577145,-17.549205303878797,-20.872161429561444,-17.95594270007929,-8.707798702108656,-25.965537716743093,-15.221725733002227,-12.479874030226721,-18.048583417357413,96.99851831721298,111.1771470090501,84.87241046416032,12.743632765668952,16.837034577344973,8.697127852873397
1999,-25.035767351590415,-10.614645652004311,-36.86980097742837,19.906205056928243,29.856304844397954,10.01417099163386,-28.92392667788134,-26.135746128463712,-31.457448078621645,-0.7466089099121044,9.51560640556704,-8.73397590375008,112.18523459398257,168.9752126011337,64.06291413002323,-19.641910507509536,-18.123427424645918,-21.21966523257653,-18.115787381575423,-8.350708317383921,-25.93977166348465,-14.666588061172265,-11.62114698459718,-17.37750231641763,102.96061891885336,118.46098205547649,89.73976830237076,13.65745298899115,17.913131498697908,9.84231177621583
2000,-25.944540576875337,-12.835512396577318,-36.68355444340117,19.768738001948243,29.59230525589448,10.010697198841255,-29.485569129587113,-26.59109283773706,-32.10525376583663,-4.88133978631863,3.4407236944144612,-12.322494238502472,124.75621708151729,183.5135272693794,76.86480498724508,-20.00820168497014,-18.326561715380564,-21.575010265180783,-18.22634485778489,-8.220750916678947,-26.260569125181732,-13.992655515490474,-10.58917257139079,-16.932656403373116,109.52017600687896,124.37426297341067,96.63257485244249,14.446214851681454,18.597676645324633,10.16560638415125
2001,-26.045478795494848,-12.597808217623674,-36.47088025449519,19.80877233749942,29.079205286263772,10.200276960056078,-30.13526469875685,-27.36137449079501,-32.61961469282858,-10.096659495437704,-2.6810650208067712,-17.220452068426827,134.96571307871196,209.02424527343848,80.281815529702385,-20.345025473024606,-18.76018626010217,-21.84899638051068,-18.21999384885633,-7.680488629993637,-26.514783145452935,-13.104041801421095,-9.663563223411884,-16.48708059897558,116.56936440604885,131.1894889975109,102.00864056700426,15.352847988126316,19.44161967319212,11.31166024250145
2002,-26.87060869234175,-14.827095615775946,-37.42914689392185,19.991428546894312,28.905278749530385,10.084119289482283,-30.686787701044548,-28.047778144343866,-33.07721567060701,-14.728938395325358,-7.045301520831953,-21.48401110135017,143.5362050665718,221.4436835016597,85.82328403495566,-20.666253971580968,-18.929900756068893,-22.12679600756242,-18.411725760126163,-7.9564213895739035,-26.90226473544802,-12.214669001475928,-8.2956485982042,-15.555351507610883,123.95571570134499,138.70279101166687,108.92587570955772,16.393323946092064,20.701415687647096,12.289858802285563
2003,-26.986347973330655,-13.883755038162118,-37.37137282900704,19.67337421399491,29.171309500096044,9.112728887217365,-31.165082015704847,-28.525201113932482,-33.482850668869396,-17.886664978962056,-10.937657280669674,-24.12832479762755,150.992976484148,227.3225420586771,91.40709533421338,-20.963467876177305,-19.3684214642138,-22.4838328118144,-18.455230222660646,-8.106191414791589,-27.22081954138753,-10.985288668087488,-7.017751764901057,-14.555148416846455,131.3769661155176,147.60031128971528,117.64046568998248,17.43584244441632,21.543917313540987,13.170795398331261
2004,-27.361722629455357,-14.28274099634245,-39.1177086909822,19.768765078789645,30.137165546875806,10.754532894336101,-31.643732782721457,-29.04627750670187,-33.97598346166741,-19.18631504893684,-12.332512659165756,-25.73946276560924,157.66604236122183,237.91833908740688,95.87681287692118,-21.193791599899345,-19.639067388339743,-22.772881929720057,-18.533135215586643,-7.459140383005768,-27.185882458068683,-9.731829062169291,-5.4256832012620615,-13.598806449943948,138.98711451229326,154.9259173880521,124.301279392004,18.601484528786006,22.919698168125294,13.969665918453519
2005,-27.775434447094316,-14.33768715419239,-39.171193526121826,19.700890866189873,29.692692709833654,10.415362835478245,-32.17209061448097,-29.59857926408946,-34.79915694822543,-18.30493725405528,-11.551355421134415,-25.038177037672884,162.2617599388224,250.46094492658878,94.59952404850713,-21.443459169316583,-19.878646451101957,-22.925747309716314,-18.479554102750278,-7.062717862008317,-27.305049019889665,-8.424057516195361,-3.5522494022174738,-12.783827604615729,147.53987543844121,165.43844695880915,132.19304318280842,19.700077121293944,24.04595365047902,15.250632216764975
2006,-27.783618820015935,-15.21139580564698,-38.735230803036345,19.396434174091414,29.242284095403345,9.765588196045629,-32.811725946038884,-30.166227756554825,-35.38760214832606,-15.37314218274383,-7.996517634497915,-21.99890858175514,167.10116516315406,252.94515526334482,100.92736237566535,-21.678116512968423,-20.160901740834586,-23.21980749909512,-18.54839400329358,-6.838800902412054,-28.224582701677818,-7.0456056937712885,-1.7748812578685416,-11.538819097671817,155.41539103317518,172.53340961712829,138.56723298600963,20.90690786953041,25.37793252987609,16.499985435113803
2007,-26.99163390914237,-13.832667699883547,-37.68464789495576,19.632560596494464,30.591732301226155,10.17605590762786,-33.257286601156174,-30.434695991055893,-35.80948741175552,-9.98142005297053,-1.7007702806794163,-17.08419404574945,173.19346342133488,267.5061979964756,102.48417291471891,-21.851268856668597,-20.178285705954128,-23.37679931199821,-18.49240355739746,-6.9275268862478905,-27.891534811271637,-5.598313096334846,-0.2777153167040019,-10.039066226456608,164.8077681790226,184.17122061740915,148.2433041821262,22.078178495103412,26.890706872599772,17.596927964380587
2008,-26.467751501447594,-13.599062019424164,-37.54836473635214,19.947328033770592,29.571930009411368,10.88675610008073,-33.70830468268274,-31.015140650240816,-36.23699912005822,-3.94335805560933,4.686831526602104,-12.123177937784106,177.30875190426752,275.48285186740554,107.18899723780103,-22.054938105314587,-20.47403271957492,-23.677696752389195,-18.354949048769022,-5.8251331537938675,-27.942610577373095,-4.211658244330831,0.3457734343746787,-8.33783504996573,174.04816542760344,193.57081836263413,156.18755300026393,23.291760403745343,28.001331533075355,18.540332591612056
2009,-26.09838304280766,-12.645741261420179,-37.572331648382786,19.85502845093728,30.582201862813754,10.117232112771264,-34.1748861696499,-31.310657010519574,-36.58095431860027,2.0581602167399455,11.300790893264976,-6.247361036296826,183.5011171192204,279.7351311496157,107.09147020586028,-22.183727153619483,-20.409245746166377,-23.737471315222514,-18.428954735492333,-6.524716946174884,-28.33133085092699,-2.5398007448276223,2.579837804232528,-7.414013555783098,184.25388484614842,202.93048411776914,165.61970975339176,24.804310427369057,29.623410835391855,20.105885761873147
2010,-25.4922200904175,-11.693358128260515,-37.15668652452329,19.741272340060082,29.97638105817754,10.406011121089687,-34.59852141188348,-31.910541239729962,-37.00948620379247,7.476662567480135,17.46921735630823,-1.3399857252406673,186.4053995869971,278.1451357822527,110.52287427047102,-22.350375213247656,-20.903617224125515,-23.92345794417147,-18.315293956279753,-5.227074274359992,-28.613998365849433,-0.8158342244660841,5.058683276006532,-5.878411091506644,193.2546480691012,214.54568644962995,174.28748644309528,26.179985837638135,31.140043021875734,21.57719806089278
2011,-25.18486126969131,-10.15116152414314,-36.81272310050487,20.00350458294119,29.96990527156308,10.002556726284638,-34.97554562393357,-32.35816899953957,-37.58021857281075,11.024649616310763,22.226724743141997,1.1228220612133217,190.27548168124932,290.68637538041435,115.83134895948305,-22.454308611637472,-20.972870097740362,-24.05644399989985,-18.35501884387388,-5.7287374457066385,-28.6770004910836,1.0967993588185565,7.554493933697483,-4.56733357775716,204.28023709154633,224.58966373229597,182.577250691161,27.63507909598276,32.53438775789758,22.81599347571655
2012,-24.099848532751764,-9.250977857215267,-36.22622894136335,20.107084013044478,30.031687260687686,10.456733164504483,-35.232192544861626,-32.3604334529451,-37.74482129918634,13.631827334909142,24.014224273796636,3.940167728266137,193.12419037522085,300.6372547792613,120.59795574825804,-22.570405247618368,-20.790303537465448,-24.210808953461378,-18.173236188769867,-5.01502772308727,-28.666673687619898,3.0534027994779636,10.569218033453087,-3.551123446333057,215.16101358993652,235.38915900610286,194.12045127095692,29.1684694639963,34.208168953933686,23.84761157532678
2013,-23.37569581919021,-8.409806741931474,-34.91310539697798,19.83484682598018,30.372581314498234,9.589478842640842,-35.60974281730243,-32.660287030979205,-38.22482971503464,14.412269281786433,24.84503563411045,4.8259886380647945,188.33387035520613,299.68965579326874,107.97947572998076,-22.633897739492937,-20.912195607112942,-24.220519153071162,-18.13037305264363,-4.101381557059972,-28.526637820375917,5.358482160644647,13.117941040382682,-1.5516862072812234,226.34568445760058,251.90273876528872,203.66552457151383,30.691114190399404,35.93178787401227,25.53112407298659
2014,-22.554492363568535,-5.840301535825843,-35.05164175345719,20.583446521270552,31.22180338782461,10.974866026434832,-35.84792267866108,-32.774674772091174,-38.33591943222445,14.809445095584168,25.47318793448729,5.145354059364584,184.99473351939417,281.47038436359315,105.31545859706401,-22.73987088563935,-21.121958343641353,-24.348510966886337,-18.035363975047314,-4.863714584900121,-29.082971375807443,8.111827855487773,17.293592276172962,0.7451571732193947,238.5030060842955,263.2853154758723,216.1227066812342,32.30255703719602,37.83529889001048,27.10794800911239
2015,-21.582324770189125,-5.030065422551812,-35.07463988821543,20.671822461125334,31.1089984504979,11.05012664369949,-36.23987371028637,-33.5196895129523,-38.93733225160165,15.838410377347234,27.061527539157918,6.183133312990597,186.8430020650165,292.42605337464886,106.87988245660273,-22.778210174417705,-20.905602929065697,-24.39947707211783,-17.8034060025556,-3.5050152018888863,-28.88588247364533,10.948706286191896,20.274524556332757,3.275150856123746,250.4402090334903,277.11099564783507,227.48704262809403,33.94731474492009,39.7338230161988,27.93451079822707
2016,-20.795179689711112,-4.324272851088199,-34.23304907753955,20.385783293325613,31.709994873403495,10.292304242617767,-36.32924623726401,-33.02918759645583,-38.82302223607545,16.54531048132508,27.176931697908696,6.256463852011896,191.6118816995911,303.9830706673578,116.12389293176672,-22.764409102439295,-20.85676333587517,-24.445536842056796,-17.526220665264642,-2.5584261211213764,-28.914842424712873,14.14538711851514,25.007048844263732,5.35976931002924,262.7171314261915,290.4438955479163,236.99851568123563,35.703569687680385,41.678888219351805,30.021879195667452
2017,-19.786119133569642,-3.032275872821011,-33.44913186547739,20.648519588661884,32.10195436196661,9.92981716281196,-36.54908995264102,-33.248695798736925,-39.163912113299666,17.80056309349243,29.33081553652506,6.709064193094977,201.45505556916868,332.91640924984375,116.22574055217508,-22.808098259894074,-21.116031268229825,-24.599621779498708,-17.42164854785415,-1.6758822786111445,-28.70470594020812,17.638282338259657,28.926537364798993,8.444636305855898,275.7129770148026,303.623385394671,248.5706396522654,37.355178883779175,43.745798073971585,31.317409629120558
