year,mean_Arctic_Tundra,upper97p5_Arctic_Tundra,lower2p5_Arctic_Tundra,mean_Aridlands,upper97p5_Aridlands,lower2p5_Aridlands,mean_Boreal_Forest,upper97p5_Boreal_Forest,lower2p5_Boreal_Forest,mean_Coasts,upper97p5_Coasts,lower2p5_Coasts,mean_Eastern_Forest,upper97p5_Eastern_Forest,lower2p5_Eastern_Forest,mean_Forest_Generalist,upper97p5_Forest_Generalist,lower2p5_Forest_Generalist,mean_Grassland,upper97p5_Grassland,lower2p5_Grassland,mean_Habitat_Generalist,upper97p5_Habitat_Generalist,lower2p5_Habitat_Generalist,mean_Introduced,upper97p5_Introduced,lower2p5_Introduced,mean_Western_Forest,upper97p5_Western_Forest,lower2p5_Western_Forest,mean_Wetland,upper97p5_Wetland,lower2p5_Wetland
1970,0,0,0,0,0,0,0,0,0,0,0,0,0,0,0,0,0,0,0,0,0,0,0,0,0,0,0,0,0,0,0,0,0
1971,-0.5982237133943917,6.179072663216157,-6.976643325196078,-0.22477288542956286,2.7068051539136966,-3.342563526356873,-0.3540479967736235,3.1514079629938196,-4.171092472762306,0.11017332020522098,15.827632541800032,-12.642162903563117,-0.77811884752956,0.5566676499194305,-2.0505729041870615,0.1626695324298533,2.0258896287502686,-1.7961434264220195,-1.541635926948488,1.2412311153937254,-4.4832952347255715,-0.5970460256872085,0.9860890395331069,-2.122538249111483,-1.6204402726671712,3.7175574427102362,-7.0653741644567205,-0.325377806863972,2.243851944690321,-2.8674970774481885,-0.37978949301015047,1.9604768028188044,-2.622993117713731
1972,-1.5410711796987884,5.654405452869109,-8.347900923523257,-0.29391928945520684,2.6667874721684095,-3.0960727311881775,-0.7458298385690566,2.7970456596573827,-4.1986811368167745,0.24104059967663724,15.194512920545383,-12.947817388777949,-1.602813259900021,-0.29240528979301444,-2.925242515174015,0.17823816168551074,2.0419888254056455,-1.6530099625108867,-3.1215343700888813,-0.46782775106083585,-5.710753881712456,-1.2574891754601043,0.35585597709932276,-2.798303331320231,-3.3560934683850583,2.2405722603604983,-8.57731206189216,-0.7470724871620769,1.9215666212808764,-3.6628081196399642,-0.7463598055207891,1.5692301835340101,-3.046142282161336
1973,-2.1617208323840433,4.100217413156079,-7.934911470520021,-0.40565029439652195,2.6497880134144713,-3.3993114585343616,-1.103737868223748,2.511736853648931,-4.497790283189034,0.11938212579941046,14.972858323429772,-13.055170591187848,-2.515931684812628,-1.2007125603474529,-3.856620794809095,0.2897914342333817,2.070540043858323,-1.6143745431550762,-4.795372585197027,-2.0963054204945335,-7.174366841410586,-1.8416730620457724,-0.38739663658480455,-3.361406450445653,-5.031559065870429,0.2755344219820626,-9.734823102920409,-1.173309399778519,1.3018336052862705,-3.954432349182492,-1.0204013880852751,1.5244414793019476,-3.399409931840741
1974,-3.0034545242607535,2.9548381784243047,-9.062135929706178,-0.6360847113257562,2.437351741667829,-3.6886897907004723,-1.4700155903665975,2.4125318450192026,-5.047559659067719,0.4760370687938658,15.089019530578918,-13.406613320298156,-3.481896427458269,-2.157614957435436,-4.839921667578161,0.27015942902079526,2.3184015204672006,-1.6100226335577166,-6.578721224658491,-4.0183000507942985,-9.074425943684654,-2.4832285537953,-0.8803113757724071,-4.010350321245614,-6.436379245340152,-0.9509287501245235,-11.19958661303816,-1.655971173814875,1.3409284204734078,-4.571127869920459,-1.3338329660165422,1.4600025229079656,-3.9081552764569456
1975,-3.939204357743628,3.1517069468553927,-10.36050078945044,-0.9928727912258094,2.4878858079786474,-4.310258476751315,-2.155156362057127,1.8368304985510424,-5.973003580579767,0.1137795222545578,14.016683548293676,-13.067065781275598,-4.816767440183664,-3.2354343194187116,-6.3499719248990845,0.051985887089505835,2.0705516580952996,-2.0463102326567233,-8.601601104027226,-6.112263572037188,-11.146775700101587,-3.1538359643181555,-1.59953189213109,-4.645462493344383,-7.9858938484041175,-2.662027373907307,-12.525955975356991,-2.462493028396231,1.2438956911051164,-6.32818543598338,-1.6564863946316788,1.1561969699705137,-4.610318152554696
1976,-4.208861657848917,2.7374206418567093,-11.01510087438575,-1.3852984338138725,2.5835819636841073,-4.929609911789412,-2.964720493975222,1.4966859962774062,-6.993315823625645,0.45879704947722133,15.271052072640346,-11.675629241192777,-6.323140439246449,-4.679083503922711,-8.138514545534045,-0.18087646713671252,1.9996177156382682,-2.3231240467877847,-10.576803999150876,-8.085086035480076,-13.152701295721753,-3.812712299047067,-2.215616100934462,-5.489307925757933,-9.214192854861384,-3.936755624066458,-14.01909868858172,-3.5103327408272427,0.7566032701901099,-7.570102987609449,-2.373076632993211,1.0974590412121408,-6.0116841994459325
1977,-4.133020928561177,3.6223751210730635,-11.671601161865375,-2.0161576884682666,2.4776332573047615,-6.1972001018420375,-4.0540278236056055,0.8075005313461472,-8.464326072837387,1.1912909388822153,15.775439632628164,-12.71933329839564,-7.845407577078508,-6.1221308153453515,-9.788800788484377,-0.34513253755802487,1.7916218705254847,-2.54871262135081,-12.561773975171782,-9.945218699244526,-15.234378198487468,-4.502632090241756,-2.969922107195814,-6.115374741848782,-10.815919370099936,-5.4820614892811586,-16.08108244253627,-4.719062478578822,0.5406723693261036,-9.875063039181923,-3.3292467173791658,0.8720448963239472,-7.003685406472101
1978,-4.077018869207959,4.524324798414206,-12.40816806625208,-2.6690588828140056,2.429425931159319,-7.735055260428958,-5.241202266800364,-0.1424999017842269,-10.24767935613509,1.347347722752194,15.419388478740606,-12.391525645046462,-9.351287953747896,-7.511585490460464,-11.351091701405624,-0.38884518132255574,1.862147148852926,-2.6840783686392617,-14.375684114837581,-11.86699348284451,-16.766769466911665,-5.242254173438039,-3.6835687950271896,-6.777606690172377,-12.38181812996555,-7.31177657286816,-17.228196621250593,-6.024243174787839,-0.6615128069330533,-11.441097439081151,-4.627494610867005,-0.3913192855820167,-8.712584454512767
1979,-3.914180299478614,5.653374706290311,-12.28533570682279,-3.6972486959773745,1.9287102590176968,-9.11250296102048,-6.663415458106102,-0.628584721044948,-11.874051344014475,1.9367768760528208,15.96837882919589,-12.191760254870246,-10.739487729056474,-8.794237016952955,-12.653771321050193,-0.4950655102753075,1.9571430193199,-2.8940593261888043,-16.09292345803086,-13.5469407584679,-18.65555508021586,-5.82778577186114,-4.182448956776277,-7.3910498054232034,-13.997173416864658,-8.939610039884842,-18.738583878526264,-7.3909898291510725,-1.8436551686630767,-12.541751009492955,-6.154266606160967,-1.5263806522732095,-10.28119565943376
1980,-3.160875968081645,8.006702731244161,-12.574141428045062,-4.827063525812401,1.847166794299978,-10.224103264844514,-8.008584832893828,-1.8679211263102604,-13.765115857534106,2.3667940447729463,17.272274372502284,-11.731130952775734,-12.037687571444692,-9.97724826900203,-14.201555666782626,-0.37903735614745765,2.1543674075595964,-2.8813599503331497,-17.63866134381622,-15.0695377501953,-19.985589313229504,-6.412513669153675,-4.836804476033996,-8.001249431054848,-15.368553713373904,-10.38586556276729,-19.97759905549685,-8.630992535844541,-2.6966010464136123,-13.896488220334792,-8.114962551477696,-3.2396696310734354,-12.982435875391726
1981,-3.069185039907256,9.390791471222622,-13.370673988201908,-6.049237609899219,0.3765396703271548,-11.738857329113928,-9.167762564226864,-2.234160826340971,-15.06860654377368,3.0279778212448294,20.487453999625554,-12.679420012039516,-13.233510723771197,-11.065307442079206,-15.532568154882936,-0.24813184141142736,2.412261096522653,-2.7436536340353594,-19.259289470477704,-16.788534350959786,-21.80631537829755,-6.988084376293275,-5.475121987048733,-8.549614817725544,-16.67514085453927,-11.909581735448787,-21.23421570815923,-9.97697128452967,-4.216268081253478,-15.44734743533285,-9.995505757522922,-5.052578594548161,-14.541829499059526
1982,-2.106422627364725,10.449873309127113,-12.904627237404796,-7.212257209534386,-0.38601372548447227,-13.540939464209686,-10.553904161365532,-3.148538800111127,-17.222431502897447,3.937670404833928,21.44041514133482,-11.736382828409553,-14.217666744074261,-12.077535105297939,-16.520498997703662,-0.13371982903497034,2.4605865991574802,-2.5040095165161564,-20.687576741017136,-18.308896811897704,-23.14946135762875,-7.510306209767105,-5.776515455478269,-9.089812160139838,-17.95258738818173,-12.793690908493629,-22.627292638438945,-11.337140635691942,-5.602188309730169,-16.8467359002394,-11.814153017719935,-6.892105297340943,-16.79030086087881
1983,-1.7543320463912748,12.761846951130831,-14.906009877967103,-8.27611075482182,-1.8319786503669557,-14.459919855009373,-11.758700341427591,-3.9292864155371676,-18.38978897578129,3.8449348213862,22.363000416989443,-12.379680444477666,-15.096437150489379,-12.882526879683034,-17.248970295260758,0.0885006459337285,2.767171514936187,-2.6215887974144665,-22.038290955672732,-19.390609167702262,-24.437363595945765,-7.9346212338060615,-6.339120117659546,-9.601127647718297,-19.310253592761537,-14.626435147862475,-23.658211620889027,-12.3570445901903,-6.967835950473653,-17.895608267225743,-13.815970444039143,-8.673496171156343,-18.59467340891075
1984,-0.5823202362129201,16.494249623592715,-15.401789934927496,-9.587106024830884,-3.4306230604220174,-16.07954012158109,-12.88693675321135,-5.289435596326516,-19.8205760893703,4.063106480441732,25.459204775542066,-15.877714484746008,-15.847434259807025,-13.416335512627379,-18.156878000338864,0.20240133336100335,2.8372068897777067,-2.324228294293544,-23.426900354422134,-20.944226178027126,-25.863887924689777,-8.410518995613954,-6.796964182892205,-9.98992311022402,-20.354071820710207,-15.469939699823483,-24.939329670453446,-13.494928849620399,-7.906588806078587,-18.71503827198327,-15.42299792609195,-10.158097447497061,-20.52357320442343
1985,-0.32707376643446484,16.946256736263837,-15.47628242800148,-10.63620363079825,-4.0794815009900685,-17.153681801434754,-13.718920419727683,-4.3298690596926805,-20.74795758412527,3.77250491551366,25.61978120611144,-16.93057488863293,-16.482625458420184,-14.07984982991901,-19.008556265382897,0.5287383659590589,3.278425748671165,-2.3088580460715313,-24.68903439771,-22.37035484149895,-26.98150191146699,-8.718946651185101,-7.147120581897404,-10.227273931729574,-21.619337369942535,-16.57404961952285,-26.187993619792906,-14.632486789007439,-8.860641221726013,-20.06682875924627,-16.770860297448632,-11.261026123943358,-21.568270188510922
1986,0.65099901579166,22.364409661987054,-15.75408087546159,-11.76396449813689,-4.82052852838267,-18.420727459688678,-14.652810482770992,-5.372299245814025,-21.754771885187797,3.3018392941206156,29.546264893461462,-19.02946892642179,-17.026926906081226,-14.584376010144595,-19.434927982019254,0.9612451563909608,3.8675048392962332,-1.82194433525315,-25.890746031188804,-23.468945072947296,-28.28372228540402,-9.07269118386595,-7.420914419085533,-10.622469698026006,-22.781560761263155,-17.90745588661307,-27.453143590729535,-15.591333500936473,-9.752358532294636,-20.91759278700493,-17.97006253624248,-12.560528518274369,-23.036525951382416
1987,2.0350538094976525,25.982700553692634,-16.359857723642673,-12.643738422144096,-6.389828895724345,-19.075789698788725,-15.720393691629122,-5.621154404236484,-23.047182889559057,1.3189631047869965,25.175933529637344,-21.550003338398053,-17.45960964773591,-14.907645936592067,-20.06850658778881,1.2804892125585796,3.9967246369392835,-1.3220866621619956,-27.112833154540517,-24.68433218604271,-29.5110729242261,-9.344094104124393,-7.933599939799988,-10.883966793651368,-23.931613759810805,-19.129690967543283,-28.24240832374041,-16.668153894718728,-11.420939923974206,-22.029061006744705,-18.959551618824758,-13.26396479894834,-24.19429673456699
1988,3.514180132325434,29.43635773382837,-16.583551044413287,-13.588745076252813,-6.528459736905094,-20.56820583006555,-16.39623626159134,-7.424916607634057,-23.822165655890057,0.23478929650430194,24.869277011500458,-24.432184280463403,-17.881986155062176,-15.309219629674187,-20.46213102799566,1.6896302310586573,4.678331799900553,-1.0892600505132402,-28.267669153054637,-25.986304480154743,-30.60687776631508,-9.634191866694074,-7.968707903114404,-11.213440740729297,-25.095518872453678,-20.39319712316582,-29.520298472412446,-17.565422405401172,-11.708893099921971,-22.73747613760318,-19.620545829928773,-13.108298359537413,-24.95431901380466
1989,4.973434941657623,28.27585052792043,-15.647553258660233,-14.461198065868395,-7.710423089301743,-21.041018993530326,-17.201056304583688,-7.372247286069068,-25.641572039899238,-1.0455721921434293,25.50394984524825,-26.095749608136916,-18.376792583309538,-15.621944727558963,-20.9642977580095,2.181141270740273,5.335950650717016,-0.7163323772291336,-29.504404224344515,-27.14142769235017,-31.71208948275266,-9.80184165576203,-8.147244406369264,-11.41059491542696,-26.0369531371734,-21.260335473408134,-30.433111156562948,-18.379219446397123,-12.861345949621462,-23.435604592306003,-20.05227520225872,-13.117631281966718,-25.729325350204192
1990,8.758816396391465,38.679233326301926,-13.209892857566384,-15.392059105686409,-8.829681167592794,-21.961410282184637,-17.461225879835744,-6.327752200384829,-25.667236315636842,-1.9969586837199007,27.514316034965884,-26.291767372585966,-18.85757882175302,-16.06577822977745,-21.467693602669282,2.8340541693549643,6.075104069600914,-0.27428054642761956,-30.6597975266966,-28.385771699658658,-32.82580824615911,-9.927035400159365,-8.157996344102306,-11.512341016256169,-27.133221573700524,-22.363025624845122,-31.260495944354695,-19.34635323575715,-13.970696797014348,-24.190939627079295,-20.183555820265035,-12.54500130675058,-25.93299962872272
1991,11.071933984814926,40.59663016810167,-11.564850238600746,-16.095647391221963,-10.10969169353172,-22.886098437980394,-17.82014806854532,-7.234373511519596,-25.81307490907346,-3.5411575567811266,26.986554579734285,-28.787759303340685,-19.410777699228536,-16.564642231808513,-22.24089822737215,3.3695607694492415,6.446628961517167,0.18202922899250906,-31.861576326172944,-29.628828727010355,-34.08940868415406,-10.067021802503886,-8.436215685509085,-11.723835077799018,-28.008898039015115,-23.004395164976913,-32.059347212165186,-20.1413806480503,-14.943563822358069,-25.071626190931628,-19.611490159719057,-11.839559415236522,-25.501959904197285
1992,15.282508155666465,44.039307247139426,-7.294673114257672,-16.699773417051997,-10.419292130771783,-22.769112857801527,-18.179673923381408,-8.228478772281344,-26.09743018526642,-4.8103916941301,27.458239464469244,-29.18772568464134,-19.980393312260123,-16.994900007185475,-22.702184513217798,4.1048476994025425,7.550716337216469,0.8995996144535641,-32.94382990999534,-30.796577554963097,-34.93137886286295,-10.133212230749663,-8.420250717308507,-11.729687802384756,-28.976613422652324,-24.21511123855254,-33.635579035169606,-21.177487479133077,-15.975062358525832,-26.096804265623415,-18.300712650293434,-9.51998899349775,-25.16700424220783
1993,19.697623490962588,53.412052226395986,-5.945209778004286,-17.500753122873014,-10.93487665425032,-23.350368660297026,-18.38800834307492,-7.369669712577823,-26.148913526033475,-6.6319775683100435,26.657012832352713,-31.655633002329257,-20.600107354139126,-17.698312819287043,-23.51915547547679,4.822109726148084,8.488891816689916,1.390800842493074,-34.07459755632878,-31.914097381075184,-36.25482670903273,-10.124582322613433,-8.507981931665642,-11.76866973132955,-29.798748106131878,-25.201060410699522,-34.09070054306275,-21.785749337330415,-16.726254904171928,-26.72201937645347,-16.1824071079675,-6.643032036162987,-23.242445174715574
1994,24.540036520420216,60.62066897632529,-1.737783800466709,-17.815755539357756,-10.972256601591424,-24.191407021889095,-18.93594092926311,-7.457823901256094,-27.57658610480984,-7.024491711481402,24.754362705506328,-32.381877923249036,-21.260890594248828,-18.155653394300757,-24.155947447830368,5.862789683077623,9.676598473925143,2.5491394891974184,-35.19122626079618,-33.16621026740261,-37.309954671074095,-10.088312931574158,-8.319203642916928,-11.745769560408627,-30.505301476609404,-26.070004633785388,-34.9498413145722,-22.715136210479194,-17.53854140975726,-27.524748354319215,-13.685788751476874,-3.8246394024347596,-21.009366908535437
1995,32.862992146368505,74.8851897976255,1.6139180720218549,-18.319426145311244,-11.995255474157993,-25.310262269187568,-19.299149704499257,-6.485223973473293,-27.721916135387158,-8.776214858662277,26.447331846207828,-34.71890585036105,-21.878142471210204,-18.613804705633747,-24.88030570716258,6.889097188993312,10.629472268949495,3.426270567211214,-36.23413182723214,-34.071608126075986,-38.24943380263403,-10.058607404934383,-8.376147801715685,-11.655793971952447,-31.381253000109385,-26.610496431765885,-35.4360570780914,-23.480602174076804,-18.688252675787783,-28.068778029560807,-10.520216824519217,0.08781852805401251,-18.697080708821744
1996,39.2640304021782,80.17049779681194,7.8627988706890015,-18.881021173236007,-12.215920603230229,-25.320577083381824,-19.70532801910982,-6.426428356440115,-28.25590010849553,-11.145274005939877,21.98590994707746,-35.23919051030166,-22.400508690728632,-19.01289426523006,-25.600811254631715,8.023409335246065,12.076599613398448,4.4060191161422715,-37.330217930499344,-35.11049110806482,-39.430671152854025,-10.001291912485295,-8.17186415399197,-11.71660950458414,-32.13240192900576,-27.676414507280217,-36.37809467237044,-24.15164713152449,-19.413607050946016,-29.02213787687608,-7.483088533532334,4.295295922815547,-16.401687918804814
1997,49.58098282287203,93.29356521639349,15.550141982820719,-19.159315058440683,-12.781021453925797,-25.914729688117024,-20.171403148138072,-8.209867369705792,-28.635943707724124,-12.213158403747311,20.225669464767368,-36.47469974507861,-22.879582166970824,-19.36941483888819,-26.04061292105049,9.36553856876135,13.72338247726162,5.210916322971403,-38.350599692557545,-36.31379898052024,-40.38533128636257,-9.8563166183347235,-8.064237827139488,-11.70554625418756,-32.67737858089724,-27.95103477133063,-37.2903116003537,-24.987923742092498,-20.3024766136737,-29.556805932128395,-5.3918577204218,7.226326736926662,-14.532788443363298
1998,57.22944809280208,102.75488161610552,21.718430253392658,-19.293889474875407,-12.990412589464727,-25.506984900772455,-20.514479499275367,-6.827242853778962,-29.455565750316488,-14.820908408575423,16.026014438052904,-42.12300659755566,-23.203554078071587,-19.756785814801038,-26.686488097089256,10.912172370042148,15.490205837269471,6.777764613148527,-39.309547690438876,-37.309608430944934,-41.2557606927088,-9.728978573509032,-7.883759606029255,-11.490398315911435,-33.143771875744186,-28.53642797037331,-37.25819409527324,-25.690736791684767,-20.895706736203277,-30.342150804329492,-3.5350176112031892,10.920612606660047,-14.305190124565677
1999,65.92266551959473,113.72480152537793,26.52146535679396,-19.536424910913652,-12.783200989176198,-25.889441135316698,-20.603355718149434,-6.5696100650437455,-29.453108339982393,-15.295880247935404,15.858733172943657,-41.61447739514129,-23.47678096152155,-19.736272920951233,-27.095434373870113,13.038821268330958,18.176396733099836,8.587201799529023,-40.187035223664154,-38.14952835441562,-42.100846915213275,-9.593655441166833,-7.7357738807983845,-11.395771969139236,-33.70717324469941,-28.877876261767078,-38.25680818056206,-26.309819194915054,-21.60001231505086,-30.90388044955624,-3.2377785237005923,12.485675602368026,-13.95879308705089
2000,74.83846622633345,129.27544338897636,32.930901402384485,-19.69738158964915,-13.422880396091305,-25.90249977150657,-20.752622751419846,-6.38562415774347,-30.11638731479402,-16.80822828421404,14.862625844548571,-41.2068221581843,-23.694570837332662,-19.824965781503767,-27.31145293099027,15.223631765845285,21.083605274610175,10.335846927741628,-41.02391284604801,-39.05688009152262,-42.963641371328,-9.427327181663932,-7.648015288612218,-11.240979535983364,-34.09068376444977,-29.931291320415298,-38.196220203580665,-26.84042455218301,-22.175782518424608,-31.419066062471153,-3.8622696684260287,12.182476137041546,-14.970695830122702
2001,80.99855773324228,143.17975711027034,36.80071788130012,-19.63047227601007,-13.496297270271125,-26.732720008236313,-20.8089554305161,-5.998585271324689,-30.451988748099375,-16.77659278653996,15.197570778400594,-40.95390046577395,-23.802863122816195,-20.023144872433978,-27.45037721750795,17.606210077338577,23.616620908302632,12.073403079504502,-41.84276897062844,-39.84936772770872,-43.782776987470065,-9.22926124305179,-7.357344698373669,-11.073537757819807,-34.37528226028987,-29.82979623665412,-38.523222564370094,-27.47165251564613,-22.464451970253695,-32.38198108408002,-4.08160046179918,13.501637480691622,-15.811870251485672
2002,86.97151862812154,151.2656888472674,38.08063262411188,-19.34499920845706,-12.475887082142906,-26.455848492267663,-20.93542714372763,-4.015739122243464,-30.530536873766405,-18.25452200332485,11.246374927685373,-41.891807522964115,-23.92956872371146,-19.953511740640955,-27.611452280007168,20.110103619359155,27.029112168291338,14.43692249275856,-42.58418685798307,-40.45293261916393,-44.4056607874364,-9.059490264695322,-7.188780496966663,-10.834850345184194,-34.62594534220029,-29.759423416580944,-38.7156745569813,-28.302018902018983,-23.136872902264322,-32.69488085820177,-4.911213535259303,12.128700224029307,-16.215313134088387
2003,91.17388582209493,158.86802169706493,42.30666635224821,-19.46099320918068,-12.786662713076863,-26.055390459829894,-21.238335737701316,-5.855929531793616,-31.228675754275468,-18.655661327814272,10.136888967508705,-41.64399488708385,-24.083229725345024,-20.167621537796794,-27.659836905218125,23.21773258858583,31.09929170469613,16.861186725089357,-43.22773184229512,-41.288165161750975,-45.23182379458973,-8.821493477234505,-6.939991371099305,-10.701659944735058,-34.894531469283095,-29.99814905081476,-39.26871212635136,-28.86572282169711,-23.85494589857045,-33.43713279454529,-4.531602087194162,13.158481829997994,-17.133477610401915
2004,94.08385974922447,162.43130252270677,44.39757376340256,-19.425146852988128,-12.8314933184127,-26.234230331522355,-21.398403626912003,-5.798485593259635,-30.974354228364685,-18.86337163576821,12.27139787126702,-42.92179976216834,-24.217169999375578,-20.373419245318946,-27.884403034685043,26.540574723954222,34.91848967757922,19.383872225858113,-43.91024521556398,-41.97875034369432,-45.72971543168279,-8.55966785885673,-6.589650914297421,-10.282798242347779,-35.05946774444619,-30.686173056253946,-39.337562341502775,-29.37615503011799,-24.4101816004889,-34.11811706260445,-3.7573126226811233,15.623177450698897,-16.534055253595117
2005,94.79358174864568,175.2402280977451,44.152607485478434,-19.4773258124513,-12.469427793634502,-26.840675253050822,-21.62093401288196,-4.621301334011879,-31.69270810933794,-20.455090010295688,8.435033919348946,-42.71694286322333,-24.44716741124791,-20.473238036349684,-28.188050347125674,29.839880902434235,38.971667248103806,21.59744166155971,-44.52072860586724,-42.50044599352175,-46.31212672412596,-8.327091145994702,-6.175875939383389,-10.249777489514981,-35.24910801591431,-30.879603674045754,-39.478359478780305,-29.95626979158204,-25.07762828296386,-34.35106169081755,-1.358008909743738,20.88313917212242,-15.332456392556649
2006,96.37592504154281,165.57441313744667,44.45353155758193,-20.0318842214526,-13.273740494912213,-27.045446422243685,-21.382153746044157,-4.704357220429476,-32.157961228020746,-21.184516623560476,7.590903824014909,-43.49861859512097,-24.699205285850905,-20.58923802275524,-28.423027635894783,33.286408146336676,42.911672207781784,25.098336520530907,-45.150443335127534,-43.13048027492696,-47.0135500097062,-8.05420226465159,-6.181037505124634,-10.040446565239158,-35.479338948275974,-30.64158213907949,-39.986164500503655,-30.52834036249805,-26.016453008611002,-35.15512798465889,1.0283213272925489,21.831010672531686,-13.74409151646149
2007,99.3444008836859,175.52010858557352,43.69759915209232,-20.535337378930425,-13.773752058721183,-27.712051286857122,-21.61103758037728,-7.0273995316980775,-31.628026593854244,-20.44250768014778,9.182758199925443,-45.17121496250882,-24.99289863943582,-20.734212157969164,-28.76840138571136,36.815421409352716,46.688984266414295,27.67672879221327,-45.7606420432134,-43.88912651069251,-47.62114549822469,-7.6986108186024484,-5.614751296763098,-9.689728333721702,-35.49550076913507,-30.77501511665072,-40.08047513666015,-31.025707089500703,-26.100611203466098,-35.54487877520924,4.914420218690121,30.676430028698725,-10.881808848241345
2008,99.64789094612685,174.513230842297,44.62201840786639,-20.66716636131598,-13.4227648260236,-27.94603448377343,-21.755564176825608,-7.383113152202379,-31.462243515745534,-20.062877961709127,8.598267892933787,-42.736126231050655,-25.272496041951953,-20.86702298683563,-29.317689512126595,40.02759689942326,48.88442664230801,32.36562908477149,-46.38754902808474,-44.52243575139271,-48.17362023716387,-7.309093841292868,-5.307937204158379,-9.337844673224827,-35.699415162017495,-30.88059794160366,-39.939427176476656,-31.62534405397247,-26.92385730182068,-36.44913100978431,9.256065992565247,34.681158004386745,-7.422546025938809
2009,101.49767163561422,181.9604301808426,45.308010483614204,-21.114980437730182,-13.837247190358923,-28.30216209379509,-21.813785149109545,-5.401801738236007,-31.8194094619019,-20.62326414648736,8.80217757980245,-44.19676309804858,-25.518694740692947,-21.12219172505648,-29.68938719600209,43.901483914770594,54.27743449773205,34.8626924300172,-46.97346554196333,-45.095880021620715,-48.79330921166037,-6.793905235422458,-4.561676763649561,-8.795390623444778,-35.616625650075235,-30.60640029910644,-40.197369528827714,-32.10644786357019,-27.165175620910983,-36.98623252546326,13.727336515864044,45.15839978405242,-4.444454790947274
2010,100.67247070764434,181.1454824963528,48.06399090913042,-21.283910210551433,-14.489512310133717,-28.088175908807365,-20.62822750745306,-1.733259910492564,-31.889665603063534,-20.16549795904716,13.061773160948231,-43.15716779462566,-25.72353769634541,-21.200907773145882,-29.662463587218017,47.59890114499202,59.14755268117437,38.17759800353205,-47.53701521587335,-45.701240885685785,-49.36410622484033,-6.370502411993378,-4.077579806753145,-8.480111066500957,-35.42618929775017,-30.204691749078556,-39.878067820029,-32.44933462241509,-27.85493670048681,-37.03058207411493,17.41483216671148,46.511027865220356,-0.5062828406335835
2011,100.33277664623212,186.38486983217342,42.8422094299228,-21.23630237986964,-13.581614493351294,-28.49805192864062,-21.035909050662966,-2.3102149587043272,-32.546053626298125,-20.846996470331696,12.108073935824555,-44.098556657691354,-25.87376872399964,-21.457104982513798,-29.854407673656162,51.66551880180969,64.99689640561567,39.55609296811527,-48.13022852458555,-46.23753023486376,-49.95734802467084,-5.802041753894494,-3.3503455011723067,-7.954305952894888,-35.285622175184145,-30.333779175270394,-39.96671319604784,-32.8363682229961,-27.689858556370584,-37.55787015582744,21.735753836550508,52.191366705899576,1.2261671695273988
2012,100.45061745233723,183.7013173546808,44.03567486070347,-20.861763540663283,-13.729810055122423,-28.5568280887161,-20.616438285010013,-2.0880511858447024,-32.7767341101294,-19.28089130775979,11.525830289742204,-44.698886908942356,-25.92211569250865,-21.300348554172064,-29.964815878696346,55.6175085558473,71.2703046598462,42.627722600519085,-48.63410110182993,-46.71440253504142,-50.39597579796129,-5.140990955921607,-2.9271904119857886,-7.319954238475208,-35.09495659780711,-29.83501429280967,-39.724924060676905,-33.31095836664278,-28.199246165718794,-37.89710924223063,24.398386421447096,56.21991709656298,3.7189389243557893
2013,91.519614946388,161.3561497975529,34.75178225299327,-20.578025265372577,-13.575917280096187,-27.819255754659867,-20.393692887824443,-0.671200472036925,-32.76463787699306,-18.632195939005182,13.409002637524578,-42.9544071341954,-25.885547980605267,-21.46954251741346,-29.955946517615022,60.19472019400338,76.20828861580948,46.60900828541993,-49.194473702862034,-47.234633139371184,-51.02943570223246,-4.513487882851278,-2.215738566079547,-6.731372647735208,-34.647126900031694,-28.556242179740494,-39.82961417115453,-33.586884957321686,-28.456334186017223,-38.61729370508141,27.629712375621974,62.95568743665232,5.5350707925748885
2014,88.60639948738132,159.71318712545735,32.610960995965094,-19.899211269292024,-11.995013420224929,-27.82386639731682,-20.490553447514234,1.2822780360133645,-33.092507312141485,-17.675638710085337,17.90020227127267,-44.1344623872692,-25.796587282300802,-21.432394814933385,-30.011721944997493,65.1795427391098,83.83396349926707,49.927191756430645,-49.69612230815668,-47.75844313043962,-51.65540297036211,-3.69478084593596,-1.2510875618945594,-5.80364352500344,-34.047588538861866,-27.28992414054534,-39.73277590357549,-33.94701799414085,-28.67399239915481,-38.7017837392515,28.582355490757642,58.3317866770958,9.043669730775985
2015,85.96837572525763,173.05157251034345,30.49675944568161,-18.927014606300467,-10.498549274829932,-27.928473087618322,-20.375347026337327,-1.1630176727455424,-33.09636704890676,-16.491190682608842,21.17260309369213,-43.359698930245195,-25.67093408004173,-21.406928093888766,-29.59639659298834,70.09877730467893,88.09155029962959,54.71406234494242,-50.16356210221952,-48.185781517763765,-52.02573947643536,-2.9972011259257747,-0.46247046996753244,-5.3862382369943695,-33.00845043601492,-25.2743522119954,-39.42848316959786,-34.397935167566054,-29.25753127866033,-39.1003766209535,32.07039923991071,60.581105754568306,12.463609600036866
2016,86.14970662133646,177.57302168654877,33.139557361871134,-17.343512720788194,-7.932262965535503,-26.28065552388349,-19.737006174932638,2.1892610753278836,-32.63628819882214,-16.411890655472376,24.407147752032746,-43.06509861706979,-25.499014521764337,-21.236454552468405,-29.472328503280337,75.85817627442465,95.71259095100265,58.55558780239885,-50.51715461180581,-48.52774902530926,-52.546730948714405,-2.1448604678256062,0.40918756046352117,-4.712543869877381,-32.368313098979876,-23.599838463546835,-39.24947935055462,-34.62879193660172,-29.368051174126528,-39.34992852972973,35.85536520162033,67.53524032940902,14.468278985827405
2017,87.7875334243599,186.32245671501778,29.161716053574562,-15.817446943625445,-5.5313554424836875,-25.487300393695907,-19.424292120189303,2.1288128844565106,-33.45245842366853,-15.443367081403371,24.59990227614248,-42.40642120673906,-25.23292042607143,-20.782213099713893,-29.162790592543583,81.55046943093865,103.3413467678077,63.49875230583545,-50.915442651835114,-48.61416707104224,-52.895429361918715,-1.3040858422429074,1.5489924414869898,-3.9024097759295957,-30.84836572645328,-20.179067693581224,-37.85293675350344,-34.91026445509501,-29.34160533160876,-39.88036502430746,41.413593275775774,85.59614076081503,14.356755573683376
