species,sci_name,mass,trophic_niche1,trophic_niche2,Breeding.Biome,start_abd,end_abd,abd_change,biomass_start,biomass_end,biomass_change
Abert's Towhee,Melozone aberti,45.9,Invertivore,Generalist,Aridlands,642859.951313923,947612.28897998,304752.33766605705,29507271.765309066,43495404.06418108,13988132.298872016
Acadian Flycatcher,Empidonax virescens,12.6,Invertivore,Insessorial,Eastern Forest,5723102.15684475,5265867.99349878,-457234.1633459702,72111087.17624384,66349936.718084626,-5761150.458159216
Acorn Woodpecker,Melanerpes formicivorus,79.6,Granivore,Insessorial,Western Forest,1876303.8827605,2391933.01375044,515629.1309899399,149353789.0677358,190397867.894535,41044078.826799214
Alder Flycatcher,Empidonax alnorum,12.7,Invertivore,Insessorial,Boreal Forest,158060836.635543,114777468.668376,-43283367.96716699,2007372625.271396,1457673852.088375,-549698773.1830208
Allen's Hummingbird,Selasphorus sasin,3.4,Nectarivore,Aerial,Aridlands,6047519.98295335,1287314.96748381,-4760205.01546954,20561567.94204139,4376870.889444954,-16184697.052596435
American Avocet,Recurvirostra americana,304.5,Aquatic predator,Terrestrial,Wetland,372945.718769163,480968.662982133,108022.94421296997,113561971.36521013,146454957.8780595,32892986.512849376
American Bittern,Botaurus lentiginosus,706,Aquatic predator,Terrestrial,Wetland,3368143.91205362,2657317.60853206,-710826.30352156,2377909601.909856,1876066231.6236343,-501843370.2862215
American Black Duck,Anas rubripes,1241,Herbivore aquatic,Aquatic,Wetland,926746.721928483,586278.801710334,-340467.92021814897,1150092681.9132473,727571992.9225246,-422520688.9907228
American Coot,Fulica americana,636.7,Herbivore aquatic,Aquatic,Wetland,4903382.43428732,5271306.49359485,367924.0593075305,3121983595.9107366,3356240844.4718413,234257248.56110477
American Crow,Corvus brachyrhynchos,448.8,Omnivore,Terrestrial,Habitat Generalist,27029469.49755,27858740.3589518,829270.8614018001,12130825910.50044,12503002673.097569,372176762.5971279
American Dipper,Cinclus mexicanus,56.7,Aquatic predator,Generalist,Wetland,179373.402733869,151578.836859663,-27794.56587420602,10170471.935010374,8594520.049942892,-1575951.8850674815
American Golden-Plover,Pluvialis dominica,151.5,Invertivore,Terrestrial,Arctic Tundra,963263.030664963,480415.975144022,-482847.0555209409,145934349.14574188,72783020.23431934,-73151328.91142254
American Goldfinch,Spinus tristis,12.8,Granivore,Insessorial,Forest Generalist,45345986.5383743,42582051.4115352,-2763935.126839094,580428627.6911911,545050258.0676507,-35378369.6235404
American Kestrel,Falco sparverius,114.6,Omnivore,Insessorial,Habitat Generalist,4541706.37877115,2660638.54473906,-1881067.8340320894,520479551.0071737,304909177.22709626,-215570373.78007746
American Oystercatcher,Haematopus palliatus,601.5,Aquatic predator,Terrestrial,Coasts,7856.66228097103,11894.0949528913,4037.432671920271,4725782.362004074,7154298.114164118,2428515.7521600435
American Pipit,Anthus rubescens,20.7,Invertivore,Terrestrial,Arctic Tundra,23321545.34541,18959943.3052043,-4361602.040205702,482755988.649987,392470826.41772896,-90285162.23225802
American Redstart,Setophaga ruticilla,8.2,Invertivore,Insessorial,Eastern Forest,47241623.6489601,43033828.2262347,-4207795.422725402,387381313.9214728,352877391.4551245,-34503922.46634829
American Robin,Turdus migratorius,78.5,Invertivore,Generalist,Forest Generalist,347970765.972482,368127669.494099,20156903.521616995,27315705128.83984,28898022055.286774,1582316926.4469337
American Three-toed Woodpecker,Picoides dorsalis,65.5,Invertivore,Insessorial,Boreal Forest,425304.876615258,2027529.3776473,1602224.501032042,27857469.4182994,132803174.23589815,104945704.81759876
American Tree Sparrow,Spizelloides arborea,17.8,Omnivore,Terrestrial,Arctic Tundra,53865403.3312941,23927439.1083385,-29937964.222955596,958804179.297035,425908416.12842536,-532895763.1686096
American White Pelican,Pelecanus erythrorhynchos,5608.5,Aquatic predator,Aquatic,Wetland,43498.7087185699,666088.272818425,622589.564099855,243962507.84809926,3735756078.1021366,3491793570.2540374
American Wigeon,Mareca americana,754.6,Omnivore,Terrestrial,Wetland,3529905.08872381,3340602.82392659,-189302.26479722,2663666379.950987,2520818890.9350047,-142847489.01598215
American Woodcock,Scolopax minor,196.3,Invertivore,Terrestrial,Eastern Forest,5064475.37932455,3397067.57544514,-1667407.80387941,994156516.9614092,666844365.059881,-327312151.90152824
Ancient Murrelet,Synthliboramphus antiquus,217.7,Aquatic predator,Aquatic,Coasts,689318.770732876,2566821.63533336,1877502.8646004843,150064696.3885471,558797070.0120724,408732373.6235254
Anhinga,Anhinga anhinga,1235,Aquatic predator,Aquatic,Wetland,25658.065914253,54293.6367285902,28635.570814337203,31687711.404102452,67052641.3598089,35364929.95570645
Anna's Hummingbird,Calypte anna,4.2,Nectarivore,Aerial,Aridlands,3568872.28659345,10449709.588517,6880837.301923551,14989263.603692489,43888780.27177141,28899516.66807892
Arctic Tern,Sterna paradisaea,110,Aquatic predator,Aerial,Arctic Tundra,1343952.34586486,812586.583285651,-531365.762579209,147834758.0451346,89384524.16142161,-58450233.88371299
Arctic Warbler,Phylloscopus borealis,10.9,Invertivore,Insessorial,Arctic Tundra,14695276.8076215,7702345.72752304,-6992931.0800984595,160178517.20307434,83955568.43000114,-76222948.7730732
Ash-throated Flycatcher,Myiarchus cinerascens,28.2,Invertivore,Insessorial,Aridlands,4706981.83632555,7297738.49175989,2590756.6554343393,132736887.78438053,205796225.4676289,73059337.68324837
Atlantic Puffin,Fratercula arctica,593,Aquatic predator,Aquatic,Coasts,198623.492305677,764810.677128325,566187.184822648,117783730.93726647,453532731.53709674,335749000.59983027
Bachman's Sparrow,Peucaea aestivalis,19.6,Granivore,Terrestrial,Eastern Forest,592400.944758373,143176.65271692,-449224.29204145295,11611058.517264111,2806262.3932516323,-8804796.124012478
Baird's Sandpiper,Calidris bairdii,41,Aquatic predator,Terrestrial,Arctic Tundra,218850.207233182,315369.536607276,96519.329374094,8972858.496560462,12930151.000898317,3957292.5043378547
Baird's Sparrow,Centronyx bairdii,18.1,Granivore,Generalist,Grassland,9227296.61274122,3180306.19142059,-6046990.42132063,167014068.6906161,57563542.06471268,-109450526.62590343
Bald Eagle,Haliaeetus leucocephalus,4700.6,Omnivore,Generalist,Wetland,16841.4855653138,216964.450165248,200122.9645999342,79165087.04831405,1019863094.4467648,940698007.3984507
Baltimore Oriole,Icterus galbula,32.8,Invertivore,Insessorial,Eastern Forest,19770884.0868196,11142502.1380434,-8628381.9487762,648484998.0476829,365474070.1278235,-283010927.9198594
Band-tailed Pigeon,Patagioenas fasciata,366.3,Granivore,Terrestrial,Western Forest,2845633.53811558,1418986.67902646,-1426646.85908912,1042355565.011737,519774820.5273923,-522580744.48434466
Bank Swallow,Riparia riparia,12.7,Invertivore,Aerial,Habitat Generalist,63676132.7191973,7614871.5725893,-56061261.146608,808686885.5338057,96708868.9718841,-711978016.5619216
Barn Owl,Tyto alba,403.3,Vertivore,Insessorial,Habitat Generalist,52057.4318774102,163023.605149435,110966.1732720248,20994762.276159532,65747419.956767134,44752657.6806076
Barn Swallow,Hirundo rustica,17.9,Invertivore,Aerial,Habitat Generalist,70712333.9716031,44467170.8763681,-26245163.095234998,1265750778.0916953,795962358.686989,-469788419.40470636
Barred Owl,Strix varia,711.5,Vertivore,Insessorial,Forest Generalist,1815801.38726814,3959655.60599017,2143854.21872203,1291942687.0412817,2817294963.662006,1525352276.6207242
Barrow's Goldeneye,Bucephala islandica,921.2,Aquatic predator,Aquatic,Wetland,316955.52064472,183236.868720735,-133718.65192398502,291979425.6179161,168797803.46554106,-123181622.15237504
Bay-breasted Warbler,Setophaga castanea,11.8,Invertivore,Insessorial,Boreal Forest,11931783.9485965,10323656.1246203,-1608127.8239762,140795050.5934387,121819142.27051954,-18975908.322919175
Bell's Sparrow,Artemisiospiza belli,17,Granivore,Terrestrial,Aridlands,234874.028631035,217782.667458463,-17091.36117257201,3992858.4867275953,3702305.346793871,-290553.1399337244
Bell's Vireo,Vireo bellii,8.5,Invertivore,Insessorial,Aridlands,3516363.54452726,5319361.80304741,1802998.25852015,29889090.128481712,45214575.32590298,15325485.197421271
Belted Kingfisher,Megaceryle alcyon,148,Aquatic predator,Insessorial,Wetland,3254297.69239274,1698923.6569545,-1555374.03543824,481636058.4741255,251440701.229266,-230195357.24485952
Bendire's Thrasher,Toxostoma bendirei,62.2,Omnivore,Generalist,Aridlands,321394.13132616,45943.6991604773,-275450.43216568267,19990714.96848715,2857698.087781688,-17133016.88070546
Bewick's Wren,Thryomanes bewickii,9.9,Invertivore,Generalist,Aridlands,6308399.19565542,4428960.83739626,-1879438.35825916,62453152.03698867,43846712.29022298,-18606439.746765688
Black Guillemot,Cepphus grylle,378,Aquatic predator,Aquatic,Coasts,448483.918391326,1420411.90220224,971927.983810914,169526921.1519212,536915699.0324467,367388777.8805255
Black Oystercatcher,Haematopus bachmani,582,Aquatic predator,Terrestrial,Coasts,2745.64384797323,12349.339439077101,9603.695591103871,1597964.7195204198,7187315.553542873,5589350.834022453
Black Phoebe,Sayornis nigricans,18.6,Invertivore,Insessorial,Wetland,424547.617593362,1401641.37117379,977093.753580428,7896585.6872365335,26070529.503832497,18173943.816595964
Black Scoter,Melanitta americana,1117,Aquatic predator,Aquatic,Arctic Tundra,704851.778644613,333863.48757649,-370988.291068123,787319436.7460327,372925515.6229393,-414393921.1230934
Black Skimmer,Rynchops niger,297.7,Aquatic predator,Aerial,Coasts,59938.6377046481,20681.4970790631,-39257.140625585,17843732.44467374,6156881.680437085,-11686850.764236655
Black Swift,Cypseloides niger,39.7,Invertivore,Aerial,Western Forest,748240.609069551,73212.7859024809,-675027.82316707,29705152.180061176,2906547.600328492,-26798604.579732686
Black Tern,Chlidonias niger,65.3,Aquatic predator,Aerial,Wetland,5431206.7296145,2616959.70634772,-2814247.0232667797,354657799.44382685,170887468.82450613,-183770330.61932072
Black Turnstone,Arenaria melanocephala,126.2,Aquatic predator,Terrestrial,Coasts,109003.948725641,95022.3296127481,-13981.619112892906,13756298.329175895,11991817.99712881,-1764480.3320470843
Black Vulture,Coragyps atratus,1881.7,Scavenger,Terrestrial,Habitat Generalist,302794.734955223,2639251.75285337,2336457.017898147,569768852.765243,4966280023.344186,4396511170.578943
Black-and-white Warbler,Mniotilta varia,10.9,Invertivore,Insessorial,Eastern Forest,23731927.8385151,17004788.85752,-6727138.9809951,258678013.4398146,185352198.54696798,-73325814.89284661
Black-backed Woodpecker,Picoides arcticus,69.2,Invertivore,Insessorial,Boreal Forest,754895.942674163,2071432.16189096,1316536.219216797,52238799.23305208,143343105.60285443,91104306.36980236
Black-bellied Plover,Pluvialis squatarola,250,Aquatic predator,Terrestrial,Arctic Tundra,660833.585968803,348153.881459048,-312679.704509755,165208396.49220076,87038470.36476201,-78169926.12743875
Black-billed Cuckoo,Coccyzus erythropthalmus,50.9,Invertivore,Insessorial,Eastern Forest,2370413.58700995,877400.517185203,-1493013.069824747,120654051.57880646,44659686.324726835,-75994365.254079625
Black-billed Magpie,Pica hudsonia,177.1,Omnivore,Terrestrial,Habitat Generalist,7661618.53890913,5948233.47589144,-1713385.0630176896,1356872643.2408068,1053432148.580374,-303440494.6604328
Black-capped Chickadee,Poecile atricapillus,10.8,Invertivore,Insessorial,Forest Generalist,32740610.0159073,44302041.051649,11561431.035741698,353598588.1717988,478462043.3578092,124863455.18601036
Black-chinned Hummingbird,Archilochus alexandri,3.4,Nectarivore,Aerial,Western Forest,5740806.48646056,8867818.1895476,3127011.70308704,19518742.053965904,30150581.84446184,10631839.790495936
Black-chinned Sparrow,Spizella atrogularis,11.3,Omnivore,Generalist,Aridlands,647025.919382097,272327.095558098,-374698.823823999,7311392.8890176965,3077296.1798065077,-4234096.709211189
Black-crested Titmouse,Baeolophus atricristatus,17.5,Invertivore,Insessorial,Aridlands,832402.736708036,629549.658373519,-202853.07833451708,14567047.892390631,11017119.021536581,-3549928.87085405
Black-crowned Night-Heron,Nycticorax nycticorax,810,Aquatic predator,Terrestrial,Wetland,491514.006595363,419240.397997584,-72273.608597779,398126345.342244,339584722.37804306,-58541622.96420097
Black-headed Grosbeak,Pheucticus melanocephalus,47.1,Invertivore,Insessorial,Western Forest,9972808.97925537,12848621.2629838,2875812.28372843,469719302.922928,605170061.486537,135450758.563609
Black-legged Kittiwake,Rissa tridactyla,416,Aquatic predator,Aerial,Coasts,3007645.55475105,1559803.92509201,-1447841.6296590401,1251180550.7764368,648878432.8382761,-602302117.9381607
Black-necked Stilt,Himantopus mexicanus,176.8,Aquatic predator,Terrestrial,Wetland,69096.8293590543,205242.703557338,136145.8741982837,12216319.430680802,36286909.98893736,24070590.55825656
Black-tailed Gnatcatcher,Polioptila melanura,5.2,Invertivore,Insessorial,Aridlands,6239963.3895076,6794763.1646471,554799.7751394995,32447809.62543952,35332768.45616492,2884958.830725398
Black-throated Blue Warbler,Setophaga caerulescens,10.1,Invertivore,Insessorial,Boreal Forest,1263351.12924887,2684451.22383006,1421100.09458119,12759846.405413587,27112957.360683605,14353110.955270018
Black-throated Gray Warbler,Setophaga nigrescens,8.7,Invertivore,Insessorial,Western Forest,5099254.67242769,2964298.81262474,-2134955.8598029497,44363515.6501209,25789399.669835236,-18574115.980285663
Black-throated Green Warbler,Setophaga virens,8.7,Invertivore,Insessorial,Boreal Forest,7677213.67099544,9354988.36253673,1677774.69154129,66791758.93766033,81388398.75406955,14596639.816409223
Black-throated Sparrow,Amphispiza bilineata,13.5,Omnivore,Generalist,Aridlands,49731276.0814802,29409631.1431883,-20321644.938291896,671372227.0999826,397030020.43304205,-274342206.66694057
Black-whiskered Vireo,Vireo altiloquus,19,Invertivore,Insessorial,Eastern Forest,113563.583614153,92593.7375911372,-20969.84602301581,2157708.088668907,1759281.0142316066,-398427.07443730044
Blackburnian Warbler,Setophaga fusca,9.7,Invertivore,Insessorial,Boreal Forest,12320481.0344718,13760941.7153725,1440460.6809006985,119508666.03437646,133481134.63911323,13972468.604736775
Blackpoll Warbler,Setophaga striata,11.8,Invertivore,Insessorial,Boreal Forest,353344248.41118,50684928.1853502,-302659320.22582984,4169462131.2519245,598082152.5871325,-3571379978.664792
Blue Grosbeak,Passerina caerulea,27.4,Invertivore,Generalist,Forest Generalist,15205913.7883821,22360004.0721074,7154090.283725301,416642037.80166954,612664111.5757427,196022073.77407318
Blue Jay,Cyanocitta cristata,88,Omnivore,Terrestrial,Eastern Forest,22275767.1228443,16875978.2227042,-5399788.900140103,1960267506.8102984,1485086083.5979695,-475181423.2123289
Blue-gray Gnatcatcher,Polioptila caerulea,5.8,Invertivore,Insessorial,Habitat Generalist,199595491.707111,231193567.322607,31598075.61549601,1157653851.9012437,1340922690.4711206,183268838.5698769
Blue-headed Vireo,Vireo solitarius,15.3,Invertivore,Insessorial,Boreal Forest,3890572.6370449,15339117.6096692,11448544.972624298,59525761.346786976,234688499.42793876,175162738.08115178
Blue-winged Teal,Spatula discors,359.4,Herbivore aquatic,Aquatic,Wetland,4448705.0454537,7805561.01512622,3356855.9696725197,1598864593.3360598,2805318628.8363633,1206454035.5003035
Blue-winged Warbler,Vermivora cyanoptera,8.9,Invertivore,Insessorial,Eastern Forest,1018588.2451246,638694.786783393,-379893.458341207,9065435.38160894,5684383.602372198,-3381051.7792367423
Boat-tailed Grackle,Quiscalus major,151.2,Omnivore,Terrestrial,Wetland,3042208.61056325,2082199.93514687,-960008.6754163797,459981941.9171633,314828630.1942067,-145153311.7229566
Bobolink,Dolichonyx oryzivorus,31.5,Granivore,Generalist,Grassland,25007558.0367879,9303438.65158509,-15704119.38520281,787738078.1588188,293058317.52493036,-494679760.6338885
Bohemian Waxwing,Bombycilla garrulus,54.4,Omnivore,Insessorial,Boreal Forest,4893931.46764941,2117907.32484035,-2776024.1428090595,266229871.8401279,115214158.47131504,-151015713.36881286
Bonaparte's Gull,Chroicocephalus philadelphia,210.7,Omnivore,Aerial,Wetland,883058.276588525,798186.874475201,-84871.40211332403,186060378.8772022,168177974.45192483,-17882404.425277382
Boreal Chickadee,Poecile hudsonicus,9.8,Invertivore,Insessorial,Boreal Forest,14712867.3517139,13307514.2199468,-1405353.1317670997,144186100.04679623,130413639.35547864,-13772460.691317588
Brandt's Cormorant,Urile pelagicus,2247.5,Aquatic predator,Aquatic,Coasts,68543.5366281216,388538.183340846,319994.64671272435,154051598.57170328,873239567.0585513,719187968.486848
Brant,Branta bernicla,1277.9,Herbivore terrestrial,Terrestrial,Arctic Tundra,673899.714901847,382957.979744131,-290941.735157716,861176445.6730703,489382002.31502503,-371794443.3580453
Brewer's Blackbird,Euphagus cyanocephalus,62.5,Omnivore,Terrestrial,Habitat Generalist,54835787.3766582,20899810.417673,-33935976.9589852,3427236711.0411377,1306238151.1045625,-2120998559.9365752
Brewer's Sparrow,Spizella breweri,10.9,Omnivore,Generalist,Aridlands,26112512.6800183,15591685.0775042,-10520827.602514097,284626388.21219945,169949367.3447958,-114677020.86740366
Bridled Titmouse,Baeolophus wollweberi,10.4,Invertivore,Insessorial,Western Forest,77672.1803185336,80268.0481437523,2595.8678252186946,807790.6753127495,834787.7006950239,26997.025382274413
Broad-tailed Hummingbird,Selasphorus platycercus,3.5,Nectarivore,Aerial,Western Forest,17088360.6479553,7977483.85117823,-9110876.79677707,59809262.267843544,27921193.479123805,-31888068.78871974
Broad-winged Hawk,Buteo platypterus,453.7,Vertivore,Insessorial,Forest Generalist,1314818.89864733,1923175.38709293,608356.4884456,596533334.3162936,872544673.1240623,276011338.8077687
Bronzed Cowbird,Molothrus aeneus,62.6,Granivore,Terrestrial,Aridlands,739021.324502692,850596.575165465,111575.25066277303,46262734.91386852,53247345.60535811,6984610.691489592
Brown Creeper,Certhia americana,8.1,Invertivore,Insessorial,Forest Generalist,7509481.74919971,10023077.6510342,2513595.9018344907,60826802.16851765,81186928.97337702,20360126.80485937
Brown Pelican,Pelecanus occidentalis,3427.8,Aquatic predator,Aerial,Coasts,47508.1762519937,184933.338824218,137425.1625722243,162848526.556584,633914498.8216544,471065972.26507044
Brown Thrasher,Toxostoma rufum,68.8,Omnivore,Generalist,Eastern Forest,9525206.79619124,5909378.87857804,-3615827.9176132,655334227.5779573,406565266.8461691,-248768960.73178816
Brown-crested Flycatcher,Myiarchus tyrannulus,35.5,Invertivore,Insessorial,Aridlands,252031.440772187,1306455.54442582,1054424.103653633,8947116.14741264,46379171.82711661,37432055.679703966
Brown-headed Cowbird,Molothrus ater,40.3,Invertivore,Terrestrial,Habitat Generalist,165809274.782974,124836522.33639,-40972752.446584,6682113773.753852,5030911850.156517,-1651201923.5973349
Brown-headed Nuthatch,Sitta pusilla,10.2,Invertivore,Insessorial,Eastern Forest,1872528.24180403,1587253.50915285,-285274.7326511801,19099788.066401105,16189985.793359067,-2909802.273042038
Buff-breasted Sandpiper,Calidris subruficollis,62.1,Omnivore,Terrestrial,Arctic Tundra,37251.8303089602,59335.670700224,22083.840391263802,2313338.6621864284,3684745.1504839105,1371406.488297482
Bufflehead,Bucephala albeola,397.5,Aquatic predator,Aquatic,Wetland,446692.290609514,2174123.94421589,1727431.6536063761,177560185.5172818,864214267.8258163,686654082.3085345
Bullock's Oriole,Icterus bullockii,37.9,Invertivore,Insessorial,Western Forest,9222739.44039494,6833947.2132569,-2388792.2271380397,349541824.7909682,259006599.3824365,-90535225.40853167
Burrowing Owl,Athene cunicularia,150.6,Vertivore,Generalist,Grassland,1315556.39826815,1002110.50482803,-313445.8934401199,198122793.57918337,150917842.0271013,-47204951.55208206
Bushtit,Psaltriparus minimus,5.3,Invertivore,Insessorial,Western Forest,3149313.97915013,2269552.31317312,-879761.66597701,16691364.089495689,12028627.259817535,-4662736.829678154
Cackling Goose,Branta hutchinsii,1940.1,Herbivore terrestrial,Terrestrial,Arctic Tundra,421700.451852279,4566605.56271701,4144905.1108647315,818141046.6386064,8859671452.227272,8041530405.588666
Cactus Wren,Campylorhynchus brunneicapillus,38.9,Invertivore,Insessorial,Aridlands,7041373.53848127,2670408.297321,-4370965.24116027,273909430.6469214,103878882.7657869,-170030547.8811345
California Gull,Larus californicus,683.4,Omnivore,Terrestrial,Wetland,1947078.58392945,1170935.28392105,-776143.3000084001,1330633504.2573862,800217173.0316455,-530416331.2257407
California Quail,Callipepla californica,165.7,Omnivore,Terrestrial,Aridlands,2178352.87473065,3488151.08334366,1309798.2086130101,360953071.3428687,577986634.5100445,217033563.16717577
California Scrub-Jay,Aphelocoma californica,85.7,Omnivore,Terrestrial,Western Forest,1446909.32105041,1305995.50445949,-140913.81659091986,124000128.81402014,111923814.7321783,-12076314.081841841
California Thrasher,Toxostoma redivivum,84.4,Invertivore,Generalist,Aridlands,271305.210041371,146270.355095249,-125034.85494612201,22898159.727491714,12345217.970039016,-10552941.757452698
California Towhee,Melozone crissalis,52.8,Granivore,Generalist,Aridlands,6122901.04085612,5146831.6307747,-976069.4100814201,323289174.95720315,271752710.1049042,-51536464.852298975
Calliope Hummingbird,Selasphorus calliope,2.6,Nectarivore,Aerial,Western Forest,5375839.96618865,4518937.40988972,-856902.5562989293,13977183.91209049,11749237.265713273,-2227946.646377217
Canada Goose,Branta canadensis,3727.33,Herbivore terrestrial,Terrestrial,Wetland,965469.62745211,8833800.92519814,7868331.29774603,3598623906.491073,32926491202.51878,29327867296.027706
Canada Jay,Perisoreus canadensis,71.6,Omnivore,Insessorial,Boreal Forest,30121173.519556,26704253.9307098,-3416919.588846199,2156676024.0002093,1912024581.4388216,-244651442.56138778
Canada Warbler,Cardellina canadensis,10,Invertivore,Insessorial,Boreal Forest,6556913.77375094,2361985.68972451,-4194928.08402643,65569137.7375094,23619856.8972451,-41949280.8402643
Canvasback,Aythya valisineria,1202,Herbivore aquatic,Aquatic,Wetland,542537.746478099,761549.555881446,219011.80940334697,652130371.266675,915382566.1694981,263252194.9028231
Canyon Towhee,Melozone fusca,44.4,Granivore,Generalist,Aridlands,5441881.73175924,2619026.88842487,-2822854.84333437,241619548.89011025,116284793.84606422,-125334755.04404603
Canyon Wren,Catherpes mexicanus,12,Invertivore,Insessorial,Aridlands,427953.880806561,431968.095056429,4014.214249868004,5135446.569678731,5183617.140677148,48170.57099841628
Cape May Warbler,Setophaga tigrina,10,Invertivore,Insessorial,Boreal Forest,11231932.4020757,8183973.64784571,-3047958.7542299908,112319324.020757,81839736.4784571,-30479587.54229991
Carolina Chickadee,Poecile carolinensis,10,Invertivore,Insessorial,Eastern Forest,15574082.6288243,12518652.3029989,-3055430.325825399,155740826.288243,125186523.029989,-30554303.25825399
Carolina Wren,Thryothorus ludovicianus,19,Invertivore,Insessorial,Eastern Forest,12073176.655829,18303717.2906203,6230540.634791302,229390356.460751,347770628.52178574,118380272.06103474
Caspian Tern,Hydroprogne caspia,655,Aquatic predator,Aerial,Wetland,58355.3384731537,86492.5033802819,28137.164907128194,38222746.69991568,56652589.71408464,18429843.014168963
Cassin's Auklet,Ptychoramphus aleuticus,184,Aquatic predator,Aquatic,Coasts,4414142.19867736,3961434.46195894,-452707.73671841994,812202164.5566343,728903941.000445,-83298223.5561893
Cassin's Finch,Haemorhous cassinii,26.5,Granivore,Insessorial,Western Forest,7197939.02308581,3001105.16539268,-4196833.85769313,190745384.11177397,79529286.88290602,-111216097.22886795
Cassin's Kingbird,Tyrannus vociferans,45.6,Invertivore,Insessorial,Western Forest,2336429.91231931,2596711.16684189,260281.2545225802,106541204.00176054,118410029.2079902,11868825.206229657
Cassin's Sparrow,Peucaea cassinii,18.9,Invertivore,Generalist,Grassland,13500930.860595,9467617.96756959,-4033312.8930254113,255167593.2652455,178937979.58706522,-76229613.67818028
Cassin's Vireo,Vireo cassinii,14.7,Invertivore,Insessorial,Western Forest,2984687.1185680698,4696646.89394036,1711959.7753722905,43874900.642950624,69040709.3409233,25165808.69797267
Cattle Egret,Bubulcus ibis,366,Omnivore,Terrestrial,Wetland,4959554.16509723,2602898.11829701,-2356656.04680022,1815196824.4255862,952660711.2967057,-862536113.1288805
Cave Swallow,Petrochelidon fulva,19,Invertivore,Aerial,Aridlands,6999.13330098727,6895554.69156569,6888555.558264703,132983.53271875813,131015539.1397481,130882555.60702933
Cedar Waxwing,Bombycilla cedrorum,31.6,Frugivore,Insessorial,Forest Generalist,53406176.9344573,64356609.4438385,10950432.509381197,1687635191.128851,2033668858.4252968,346033667.29644585
Cerulean Warbler,Setophaga cerulea,9,Invertivore,Insessorial,Eastern Forest,1616044.36409006,455898.488477739,-1160145.8756123208,14544399.276810538,4103086.396299651,-10441312.880510887
Chestnut-backed Chickadee,Poecile rufescens,9.4,Invertivore,Insessorial,Western Forest,20781606.2367405,11145522.5594622,-9636083.677278299,195347098.6253607,104767912.05894469,-90579186.56641601
Chestnut-collared Longspur,Calcarius ornatus,20.3,Granivore,Terrestrial,Grassland,18788935.8547744,2450695.23956502,-16338240.61520938,381415397.85192037,49749113.36316991,-331666284.48875046
Chestnut-sided Warbler,Setophaga pensylvanica,9.3,Invertivore,Insessorial,Eastern Forest,29966851.2358087,17872236.9190913,-12094614.316717401,278691716.49302095,166211803.34754908,-112479913.14547187
Chihuahuan Raven,Corvus cryptoleucus,533.5,Omnivore,Terrestrial,Aridlands,310673.845717389,278081.871011994,-32591.974705394998,165744496.69022703,148356678.18489882,-17387818.50532821
Chimney Swift,Chaetura pelagica,23.6,Invertivore,Aerial,Eastern Forest,25207693.8788942,7420451.95199171,-17787241.926902488,594901575.5419031,175122666.06700435,-419778909.4748988
Chipping Sparrow,Spizella passerina,12.2,Omnivore,Generalist,Forest Generalist,299783285.432156,220446725.346554,-79336560.08560202,3657356082.272303,2689450049.2279587,-967906033.0443444
Chuck-will's-widow,Antrostomus carolinensis,109,Invertivore,Aerial,Eastern Forest,14527785.370219,4967365.58912226,-9560419.78109674,1583528605.3538709,541442849.2143264,-1042085756.1395445
Chukar,Alectoris chukar,502.1,Granivore,Terrestrial,Introduced,242188.990693435,446634.927590576,204445.93689714101,121603092.22717372,224255397.14322823,102652304.91605452
Cinnamon Teal,Spatula cyanoptera,377.5,Herbivore aquatic,Aquatic,Wetland,1023312.09464223,413682.544898881,-609629.549743349,386300315.7274418,156165160.6993276,-230135155.0281142
Clapper Rail,Rallus crepitans,306,Aquatic predator,Terrestrial,Coasts,234403.238037629,171951.763832408,-62451.47420522099,71727390.83951448,52617239.73271685,-19110151.106797628
Clark's Grebe,Aechmophorus clarkii,1090.9,Aquatic predator,Aquatic,Wetland,210493.464437207,67668.8927389986,-142824.5716982084,229627320.35454914,73819995.08897358,-155807325.26557556
Clark's Nutcracker,Nucifraga columbiana,129.8,Omnivore,Insessorial,Western Forest,295883.005993946,294298.908516871,-1584.0974770750036,38405614.1780142,38199998.32548986,-205615.85252434015
Clay-colored Sparrow,Spizella pallida,11.2,Granivore,Generalist,Grassland,100637695.33009,57290701.0122537,-43346994.3178363,1127142187.697008,641655851.3372414,-485486336.3597665
Cliff Swallow,Petrochelidon pyrrhonota,21.6,Invertivore,Aerial,Habitat Generalist,66469992.6403766,102652609.6772,36182617.03682341,1435751841.0321345,2217296369.02752,781544527.9953856
Common Eider,Somateria mollissima,2060.9,Aquatic predator,Aquatic,Coasts,1217831.52932996,1837852.62017179,620021.09084183,2509828998.7961144,3787630464.912042,1277801466.1159277
Common Gallinule,Gallinula galeata,339.6,Omnivore,Terrestrial,Wetland,781274.616015395,481307.691297803,-299966.924717592,265320859.59882817,163452091.96473393,-101868767.63409424
Common Goldeneye,Bucephala clangula,918.6,Aquatic predator,Aquatic,Wetland,1046068.03699238,1471890.07606675,425822.03907437006,960918098.7812003,1352078223.8749168,391160125.0937165
Common Grackle,Quiscalus quiscula,105.2,Omnivore,Terrestrial,Habitat Generalist,142862540.128902,59995385.0442372,-82867155.08466479,15029139221.56049,6311514506.653753,-8717624714.906736
Common Ground-Dove,Columbina passerina,35.4,Omnivore,Terrestrial,Aridlands,2641904.48131564,1964616.61924055,-677287.8620750897,93523418.63857365,69547428.32111546,-23975990.317458183
Common Loon,Gavia immer,4956.8,Aquatic predator,Aquatic,Wetland,831004.937732684,1167918.1223488,336913.1846161161,4119125275.353368,5789136548.858532,1670011273.5051641
Common Merganser,Mergus merganser,1451,Aquatic predator,Aquatic,Wetland,1464056.89415093,1260858.88264126,-203198.01150966994,2124346553.4129994,1829506238.7124684,-294840314.700531
Common Murre,Uria aalge,991.9,Aquatic predator,Aquatic,Coasts,9370498.30077031,9317835.59483966,-52662.705930650234,9294597264.534071,9242361126.52146,-52236138.01261139
Common Nighthawk,Chordeiles minor,79.3,Invertivore,Aerial,Habitat Generalist,46548442.5467003,20494361.6866047,-26054080.860095598,3691291493.9533334,1625202881.7477527,-2066088612.2055807
Common Poorwill,Phalaenoptilus nuttallii,48.3,Invertivore,Generalist,Aridlands,1168872.68839173,1383598.7226636,214726.03427187004,56456550.84932055,66827818.30465188,10371267.455331326
Common Raven,Corvus corax,928,Omnivore,Terrestrial,Habitat Generalist,3345949.14783999,10049802.7759868,6703853.62814681,3105040809.195511,9326216976.115751,6221176166.92024
Common Redpoll,Acanthis flammea,13,Granivore,Generalist,Arctic Tundra,68159752.0438007,39656457.9538094,-28503294.089991294,886076776.569409,515533953.39952224,-370542823.16988677
Common Tern,Sterna hirundo,129.2,Aquatic predator,Aerial,Wetland,1063460.6232178,442920.425192471,-620540.1980253289,137399112.51973975,57225318.93486725,-80173793.5848725
Common Yellowthroat,Geothlypis trichas,9.5,Invertivore,Insessorial,Habitat Generalist,108141996.454907,72730528.2931465,-35411468.161760494,1027348966.3216165,690940018.7848918,-336408947.5367247
Connecticut Warbler,Oporornis agilis,13.3,Invertivore,Terrestrial,Boreal Forest,3844830.37290502,1606491.70789448,-2238338.66501054,51136243.95963677,21366339.714996587,-29769904.244640183
Cooper's Hawk,Accipiter cooperii,429.7,Vertivore,Aerial,Forest Generalist,259021.804544283,1058599.66654172,799577.8619974371,111301669.41267839,454880276.7129771,343578607.3002987
Cordilleran Flycatcher,Empidonax occidentalis,11.6,Invertivore,Insessorial,Western Forest,2223580.09912646,1971050.46588201,-252529.63324444997,25793529.149866935,22864185.404231317,-2929343.7456356175
Costa's Hummingbird,Calypte costae,3.1,Nectarivore,Aerial,Aridlands,1673640.80870373,1631532.24860561,-42108.56009812001,5188286.506981564,5057749.970677392,-130536.53630417213
Couch's Kingbird,Tyrannus couchii,39,Invertivore,Insessorial,Aridlands,8430.15434087513,450093.932243406,441663.7779025309,328776.01929413003,17553663.357492834,17224887.338198703
Crested Caracara,Caracara plancus,1078.6,Omnivore,Terrestrial,Aridlands,10939.8243999273,184491.700988221,173551.8765882937,11799694.597761584,198992748.68589517,187193054.0881336
Crissal Thrasher,Toxostoma crissale,62.7,Invertivore,Terrestrial,Aridlands,100511.475464585,83692.2899422534,-16819.18552233161,6302069.51162948,5247506.5793792885,-1054562.9322501915
Curve-billed Thrasher,Toxostoma curvirostre,80.5,Invertivore,Terrestrial,Aridlands,1302382.48985958,1031217.2466144,-271165.2432451801,104841790.4336962,83012988.35245919,-21828802.081237003
Dark-eyed Junco,Junco hyemalis,19.5,Granivore,Generalist,Forest Generalist,376268555.546076,207802903.265863,-168465652.280213,7337236833.148482,4052156613.6843286,-3285080219.464154
Dickcissel,Spiza americana,26.2,Omnivore,Terrestrial,Grassland,35565805.5296754,31476076.0657971,-4089729.4638783,931824104.8774955,824673192.923884,-107150911.9536115
Double-crested Cormorant,Nannopterum auritum,1806.5,Aquatic predator,Aquatic,Wetland,121679.458680248,799488.289237081,677808.830556833,219813942.105868,1444275594.5067868,1224461652.4009187
Dovekie,Alle alle,180.7,Aquatic predator,Aquatic,Coasts,1936.70791591052,1156.95486711638,-779.7530487941399,349963.1204050309,209061.74448792986,-140901.37591710105
Downy Woodpecker,Dryobates pubescens,25.6,Invertivore,Insessorial,Forest Generalist,12959088.1173834,13242562.1569677,283474.03958429955,331752655.8050151,339009591.2183731,7256935.413358033
Dunlin,Calidris alpina,51.9,Aquatic predator,Terrestrial,Arctic Tundra,3861145.19206017,1415672.51327055,-2445472.6787896203,200393435.46792284,73473403.43874153,-126920032.0291813
Dusky Flycatcher,Empidonax oberholseri,10.4,Invertivore,Insessorial,Western Forest,11195876.4390436,8533197.88979803,-2662678.54924557,116437114.96605344,88745258.05389951,-27691856.91215393
Dusky Grouse,Dendragapus obscurus,1047.3,Herbivore terrestrial,Generalist,Western Forest,177435.526580818,348818.846694681,171383.32011386298,185828226.9880907,365317978.1433394,179489751.1552487
Eared Grebe,Podiceps nigricollis,412.4,Aquatic predator,Aquatic,Wetland,1218223.69634292,2302184.43723686,1083960.74089394,502395452.37182015,949420861.916481,447025409.54466087
Eastern Bluebird,Sialia sialis,27.5,Invertivore,Insessorial,Eastern Forest,11113575.1969783,22026325.5535681,10912750.356589798,305623317.91690326,605723952.7231227,300100634.80621946
Eastern Kingbird,Tyrannus tyrannus,39.9,Invertivore,Insessorial,Grassland,41652400.8590326,24083810.9833214,-17568589.875711203,1661930794.2754006,960944058.2345238,-700986736.0408769
Eastern Meadowlark,Sturnella magna,91.8,Invertivore,Terrestrial,Grassland,94515446.2966317,20572322.2851187,-73943124.011513,8676517970.030788,1888539185.7738965,-6787978784.256892
Eastern Phoebe,Sayornis phoebe,19.7,Invertivore,Insessorial,Eastern Forest,29760967.7939359,36162837.0173609,6401869.223425005,586291065.5405372,712407889.2420098,126116823.70147252
Eastern Screech-Owl,Megascops asio,180,Invertivore,Insessorial,Eastern Forest,703177.890326885,484236.104884394,-218941.78544249106,126572020.25883931,87162498.87919092,-39409521.37964839
Eastern Towhee,Pipilo erythrophthalmus,40,Omnivore,Generalist,Eastern Forest,51676537.4180183,27806086.7058343,-23870450.712183997,2067061496.7207317,1112243468.233372,-954818028.4873598
Eastern Whip-poor-will,Antrostomus vociferus,53.3,Invertivore,Generalist,Eastern Forest,5660937.23724024,1569788.15689902,-4091149.08034122,301727954.74490476,83669708.76271777,-218058245.98218697
Eastern Wood-Pewee,Contopus virens,13.9,Invertivore,Insessorial,Eastern Forest,11257528.0832205,6048560.22023242,-5208967.862988081,156479640.35676497,84074987.06123063,-72404653.29553434
Emperor Goose,Anser canagicus,2136.5,Omnivore,Terrestrial,Coasts,130429.10850146,99881.7112627251,-30547.39723873489,278661790.3133693,213397276.1128122,-65264514.20055708
Eurasian Collared-Dove,Streptopelia decaocto,149,Omnivore,Terrestrial,Introduced,190.644493774931,37176396.1225533,37176205.47805952,28406.02957246472,5539283022.260441,5539254616.230868
Eurasian Tree Sparrow,Passer montanus,21.4,Granivore,Terrestrial,Introduced,15939.2135807103,225036.644537652,209097.4309569417,341099.1706272004,4815784.193105753,4474685.022478553
European Starling,Sturnus vulgaris,77.1,Omnivore,Insessorial,Introduced,168803046.987016,85637490.090008,-83165556.89700799,13014714922.698933,6602650485.939617,-6412064436.7593155
Evening Grosbeak,Coccothraustes vespertinus,57.3,Omnivore,Insessorial,Boreal Forest,29683044.1760077,2874408.97822639,-26808635.19778131,1700838431.2852411,164703634.45237216,-1536134796.832869
Ferruginous Hawk,Buteo regalis,1437.2,Vertivore,Generalist,Grassland,76524.113815471,116927.465784753,40403.351969282,109980456.37559493,168048153.82584703,58067697.4502521
Field Sparrow,Spizella pusilla,12.5,Granivore,Generalist,Eastern Forest,24587356.8560646,8249549.45616498,-16337807.399899619,307341960.7008075,103119368.20206225,-204222592.49874526
Fish Crow,Corvus ossifragus,284.6,Omnivore,Terrestrial,Habitat Generalist,383898.963168635,495191.003798961,111292.04063032602,109257644.91779353,140931359.68118432,31673714.763390794
Forster's Tern,Sterna forsteri,149,Aquatic predator,Aerial,Wetland,218446.115549859,128285.849784193,-90160.26576566602,32548471.216928992,19114591.617844757,-13433879.599084236
Fox Sparrow,Passerella iliaca,33.3,Omnivore,Generalist,Forest Generalist,56633998.2196478,32499699.590146,-24134298.6295018,1885912140.7142715,1082239996.3518617,-803672144.3624098
Franklin's Gull,Leucophaeus pipixcan,280,Omnivore,Generalist,Wetland,5228402.6101879,2481860.76346478,-2746541.84672312,1463952730.852612,694921013.7701384,-769031717.0824736
Fulvous Whistling-Duck,Dendrocygna bicolor,756.4,Omnivore,Terrestrial,Wetland,25768.9080890408,158116.234242004,132347.32615296319,19491602.07855046,119599119.58065182,100107517.50210136
Gadwall,Mareca strepera,915.6,Herbivore aquatic,Aquatic,Wetland,1665765.85877201,4158381.17831419,2492615.31954218,1525175220.2916524,3807413806.8644724,2282238586.5728197
Gambel's Quail,Callipepla gambelii,166,Omnivore,Terrestrial,Aridlands,5788575.3029244,5196812.62349725,-591762.6794271506,960903500.2854505,862670895.5005435,-98232604.78490698
Gila Woodpecker,Melanerpes uropygialis,64.7,Omnivore,Insessorial,Aridlands,705253.451744992,586544.936146882,-118708.51559811004,45629898.32790099,37949457.36870327,-7680440.959197722
Gilded Flicker,Colaptes chrysoides,111,Invertivore,Terrestrial,Aridlands,274118.022332674,189243.585250998,-84874.437081676,30427100.478926815,21006037.962860778,-9421062.516066037
Glaucous Gull,Larus hyperboreus,1529,Omnivore,Generalist,Coasts,1158755.99513078,521284.932573335,-637471.0625574449,1771737916.5549624,797044661.9046292,-974693254.6503332
Glaucous-winged Gull,Larus glaucescens,1056.5,Aquatic predator,Generalist,Coasts,533895.661717154,448938.97141789,-84956.69029926398,564060766.6041732,474304023.30300075,-89756743.30117244
Glossy Ibis,Plegadis falcinellus,626.6,Aquatic predator,Terrestrial,Wetland,8265.59292825833,61826.951249536,53561.35832127767,5179220.528846669,38740767.65295926,33561547.12411259
Golden Eagle,Aquila chrysaetos,4248,Vertivore,Aerial,Habitat Generalist,142742.096052364,149321.391782669,6579.295730304992,606368424.0304424,634317272.2927779,27948848.26233554
Golden-crowned Kinglet,Regulus satrapa,6.2,Invertivore,Insessorial,Forest Generalist,171149782.174254,132066624.841037,-39083157.333216995,1061128649.4803748,818813074.0144295,-242315575.46594536
Golden-crowned Sparrow,Zonotrichia atricapilla,32,Omnivore,Generalist,Arctic Tundra,9107618.57699861,7477072.49888624,-1630546.0781123703,291443794.4639555,239266319.96435967,-52177474.49959585
Golden-fronted Woodpecker,Melanerpes aurifrons,80.8,Omnivore,Insessorial,Aridlands,1148530.61819485,774380.612594201,-374150.00560064893,92801273.95014387,62569953.49761144,-30231320.452532433
Golden-winged Warbler,Vermivora chrysoptera,8.7,Invertivore,Insessorial,Eastern Forest,1128871.31581101,369336.210510729,-759535.1053002811,9821180.447555786,3213225.031443342,-6607955.416112443
Grace's Warbler,Setophaga graciae,8.1,Invertivore,Insessorial,Western Forest,4727388.60070207,1385939.05016657,-3341449.5505354996,38291847.665686764,11226106.306349218,-27065741.359337546
Grasshopper Sparrow,Ammodramus savannarum,17.6,Invertivore,Generalist,Grassland,99872206.9432815,29599684.5981894,-70272522.3450921,1757750842.2017546,520954448.9281335,-1236796393.273621
Gray Catbird,Dumetella carolinensis,35.3,Invertivore,Insessorial,Eastern Forest,28817019.1410869,29595119.321687,778100.180600103,1017240775.6803675,1044707712.055551,27466936.375183582
Gray Flycatcher,Empidonax wrightii,12.3,Invertivore,Insessorial,Western Forest,1268700.08662324,3384726.27060462,2116026.1839813804,15605011.065465853,41632133.12843683,26027122.06297098
Gray Kingbird,Tyrannus dominicensis,46.5,Omnivore,Insessorial,Eastern Forest,24484.6988994576,25248.3728229543,763.6739234967026,1138538.4988247782,1174049.336267375,35510.837442596676
Gray Partridge,Perdix perdix,405.3,Omnivore,Terrestrial,Introduced,1247779.89755826,802088.629785427,-445691.267772833,505725192.4803628,325086521.65203357,-180638670.8283292
Gray Vireo,Vireo vicinior,12.8,Invertivore,Insessorial,Western Forest,133097.45604134,731364.978012429,598267.521971089,1703647.437329152,9361471.718559092,7657824.28122994
Gray-cheeked Thrush,Catharus minimus,31.6,Invertivore,Terrestrial,Boreal Forest,46562875.858107,45418659.8423992,-1144216.0157077983,1471386877.1161814,1435229651.019815,-36157226.096366405
Great Black-backed Gull,Larus marinus,1649.7,Omnivore,Terrestrial,Wetland,393879.918293342,139798.476348671,-254081.44194467098,649783701.2085263,230625546.43240258,-419158154.77612364
Great Blue Heron,Ardea herodias,2523.4,Aquatic predator,Terrestrial,Wetland,483505.720052717,648265.218224036,164759.49817131902,1220078333.9810262,1635832451.6665325,415754117.68550634
Great Crested Flycatcher,Myiarchus crinitus,32.1,Invertivore,Insessorial,Eastern Forest,8839477.95277886,8898125.93208851,58647.979309648275,283747242.28420144,285629842.42004114,1882600.1358397007
Great Egret,Ardea alba,871.3,Aquatic predator,Terrestrial,Wetland,281043.846609151,870550.25885258,589506.412243429,244873503.55055323,758510440.538253,513636936.98769975
Great Gray Owl,Strix nebulosa,1061.9,Vertivore,Insessorial,Boreal Forest,48522.2910289312,84357.7624910023,35835.4714620711,51525820.843622044,89579507.98919535,38053687.1455733
Great Horned Owl,Bubo virginianus,1354.5,Vertivore,Insessorial,Habitat Generalist,4328148.80419565,3803345.8518302,-524802.9523654501,5862477555.283008,5151631956.304006,-710845598.979002
Great-tailed Grackle,Quiscalus mexicanus,160.5,Omnivore,Terrestrial,Habitat Generalist,3548734.88126728,10176940.9998513,6628206.11858402,569571948.4433985,1633399030.4761336,1063827082.0327351
Greater Prairie-Chicken,Tympanuchus cupido,870.1,Granivore,Terrestrial,Grassland,129321.07577436,572405.461725292,443084.38595093205,112522268.03127064,498049992.2471766,385527724.21590596
Greater Roadrunner,Geococcyx californianus,376,Invertivore,Terrestrial,Aridlands,613724.156182434,938056.826377516,324332.6701950821,230760282.72459516,352709366.71794605,121949083.9933509
Greater Sage-Grouse,Centrocercus urophasianus,1902.5,Herbivore terrestrial,Terrestrial,Aridlands,1105634.83457498,435293.349820135,-670341.484754845,2103470272.7788994,828145598.0328068,-1275324674.7460928
Greater Scaup,Aythya marila,1005.4,Aquatic predator,Aquatic,Arctic Tundra,2716460.88496656,1698924.26793886,-1017536.6170277002,2731129773.7453794,1708098458.9857297,-1023031314.7596498
Greater White-fronted Goose,Anser albifrons,2506.4,Herbivore terrestrial,Terrestrial,Arctic Tundra,3384015.06342766,6592340.29409888,3208325.23067122,8481695354.975088,16523041713.129435,8041346358.154346
Greater Yellowlegs,Tringa melanoleuca,161.7,Aquatic predator,Terrestrial,Wetland,111148.914245236,139348.436705634,28199.522460398002,17972779.43345466,22532642.215301014,4559862.781846356
Green Heron,Butorides virescens,201.5,Aquatic predator,Terrestrial,Wetland,1630429.05459166,690106.675067655,-940322.3795240049,328531454.50021946,139056495.0261325,-189474959.47408697
Green Jay,Cyanocorax yncas,78.5,Omnivore,Insessorial,Aridlands,3227.73265836183,99663.8996397649,96436.16698140308,253377.01368140365,7823616.121721545,7570239.108040142
Green-tailed Towhee,Pipilo chlorurus,29.4,Omnivore,Generalist,Aridlands,5680554.26903437,4751470.8863653,-929083.3826690698,167008295.50961047,139693244.05913982,-27315051.450470656
Green-winged Teal,Anas crecca,341.9,Herbivore aquatic,Aquatic,Wetland,2134776.82924325,4190899.2161722,2056122.38692895,729880197.91826725,1432868442.0092752,702988244.091008
Groove-billed Ani,Crotophaga sulcirostris,82,Invertivore,Terrestrial,Habitat Generalist,8416.31659753479,5093.02964784152,-3323.286949693269,690137.9609978527,417628.43112300464,-272509.5298748481
Gull-billed Tern,Gelochelidon nilotica,218.3,Omnivore,Aerial,Coasts,6808.79530097777,10304.2264887958,3495.4311878180306,1486360.0142034474,2249412.6425041235,763052.6283006761
Gyrfalcon,Falco rusticolus,1431.7,Vertivore,Aerial,Arctic Tundra,54994.9926125486,41403.8925536941,-13591.1000588545,78736330.92338583,59277952.96912385,-19458377.95426198
Hairy Woodpecker,Dryobates villosus,62.7,Invertivore,Insessorial,Forest Generalist,6162082.63845295,9265799.76451349,3103717.126060541,386362581.431,580965645.2349958,194603063.80399585
Hammond's Flycatcher,Empidonax hammondii,10.4,Invertivore,Insessorial,Western Forest,16107686.8070409,20793625.2875662,4685938.4805253,167519942.79322538,216253702.99068847,48733760.197463095
Harlequin Duck,Histrionicus histrionicus,561.6,Aquatic predator,Aquatic,Wetland,255544.460930304,221859.699842555,-33684.76108774898,143513769.25845873,124596407.4315789,-18917361.82687983
Harris's Hawk,Parabuteo unicinctus,850.3,Vertivore,Insessorial,Aridlands,94763.8291167908,48068.121229202,-46695.707887588804,80577683.89800721,40872323.48119046,-39705360.416816756
Harris's Sparrow,Zonotrichia querula,35.5,Omnivore,Terrestrial,Arctic Tundra,4571163.41823258,1972647.28627487,-2598516.13195771,162276301.34725657,70028978.66275789,-92247322.68449868
Henslow's Sparrow,Centronyx henslowii,12.8,Omnivore,Generalist,Grassland,687155.759109033,511323.907143009,-175831.85196602403,8795593.716595624,6544946.011430516,-2250647.7051651077
Hepatic Tanager,Piranga flava,37.7,Invertivore,Insessorial,Western Forest,139394.791524564,517174.592346556,377779.800821992,5255183.640476063,19497482.131465163,14242298.4909891
Hermit Thrush,Catharus guttatus,30.1,Invertivore,Generalist,Forest Generalist,63069665.9528703,72438302.534117,9368636.581246696,1898396945.1813962,2180392906.2769217,281995961.0955255
Hermit Warbler,Setophaga occidentalis,10.4,Invertivore,Insessorial,Western Forest,2830262.32669553,2515108.90238024,-315153.42431529006,29434728.197633516,26157132.584754497,-3277595.612879019
Herring Gull,Larus argentatus,1091,Aquatic predator,Generalist,Wetland,12881281.4151599,2372526.03715346,-10508755.37800644,14053478023.939451,2588425906.534425,-11465052117.405025
Hoary Redpoll,Acanthis hornemanni,13.9,Granivore,Generalist,Arctic Tundra,7145517.01802759,17052574.2570671,9907057.23903951,99322686.5505835,237030782.17323267,137708095.6226492
Hooded Merganser,Lophodytes cucullatus,613.8,Aquatic predator,Aquatic,Wetland,101590.594565777,858236.178844543,756645.5842787661,62356306.94447392,526785366.57478046,464429059.63030654
Hooded Oriole,Icterus cucullatus,24.3,Omnivore,Insessorial,Aridlands,221785.859201736,403834.925051064,182049.065849328,5389396.378602184,9813188.678740855,4423792.300138671
Hooded Warbler,Setophaga citrina,10.5,Invertivore,Insessorial,Eastern Forest,2967065.37416997,5589806.21919458,2622740.84502461,31154186.428784683,58692965.30154309,27538778.872758403
Horned Grebe,Podiceps auritus,453,Aquatic predator,Aquatic,Wetland,452496.709976854,248472.17237388,-204024.537602974,204981009.61951485,112557894.08536763,-92423115.53414722
Horned Lark,Eremophila alpestris,33.3,Omnivore,Terrestrial,Grassland,270894012.885923,88198628.6279193,-182695384.2580037,9020770629.101236,2937014333.3097124,-6083756295.791524
House Finch,Haemorhous mexicanus,21.4,Granivore,Insessorial,Habitat Generalist,31106399.7730652,33280226.0239117,2173826.2508465014,665676955.1435952,712196836.9117104,46519881.76811516
House Sparrow,Passer domesticus,26.5,Granivore,Terrestrial,Introduced,407852769.4026,76944308.3608929,-330908461.0417071,10808098389.1689,2039024171.563662,-8769074217.605238
House Wren,Troglodytes aedon,10.9,Invertivore,Insessorial,Forest Generalist,39332268.1227248,45506186.8034292,6173918.6807044,428721722.53770036,496017436.1573783,67295713.61967796
Hudsonian Godwit,Limosa haemastica,253.3,Aquatic predator,Terrestrial,Wetland,202000.985118589,78919.3591975558,-123081.62592103319,51166849.53053859,19990273.684740882,-31176575.845797706
Hutton's Vireo,Vireo huttoni,11.3,Invertivore,Insessorial,Western Forest,630922.869500632,1017174.35118604,386251.4816854079,7129428.425357142,11494070.168402253,4364641.74304511
Inca Dove,Columbina inca,47.5,Granivore,Terrestrial,Aridlands,306897.668561412,633971.543720981,327073.87515956897,14577639.25666707,30113648.326746598,15536009.070079528
Indigo Bunting,Passerina cyanea,14.7,Granivore,Terrestrial,Eastern Forest,103686087.166471,72157376.5563904,-31528710.6100806,1524185481.3471236,1060713435.3789389,-463472045.9681847
Juniper Titmouse,Baeolophus ridgwayi,15.9,Invertivore,Insessorial,Western Forest,230092.69703313,309204.173953448,79111.476920318,3658473.8828267674,4916346.365859823,1257872.483033056
Kentucky Warbler,Geothlypis formosa,14,Invertivore,Generalist,Eastern Forest,3737602.40622112,2525605.55853112,-1211996.8476900002,52326433.68709568,35358477.81943568,-16967955.86766
Killdeer,Charadrius vociferus,96.4,Omnivore,Terrestrial,Habitat Generalist,3032397.10209997,1981794.3410627,-1050602.76103727,292323080.6424371,191044974.47844428,-101278106.16399282
King Eider,Somateria spectabilis,1616.7,Aquatic predator,Aquatic,Arctic Tundra,4260023.72839872,261236.924051188,-3998786.804347532,6887180361.70221,422341735.1135556,-6464838626.5886545
King Rail,Rallus elegans,313.3,Aquatic predator,Terrestrial,Wetland,381618.911347023,50368.9754615478,-331249.9358854752,119561204.9250223,15780600.012102926,-103780604.91291937
Ladder-backed Woodpecker,Dryobates scalaris,31.6,Invertivore,Insessorial,Aridlands,2155856.76094703,2458308.68780217,302451.9268551399,68125073.64592615,77682554.53454858,9557480.888622433
Lapland Longspur,Calcarius lapponicus,27.8,Granivore,Terrestrial,Arctic Tundra,77314678.8458823,74288260.2624103,-3026418.5834719986,2149348071.915528,2065213635.2950063,-84134436.62052155
Lark Bunting,Calamospiza melanocorys,37.6,Omnivore,Generalist,Grassland,43198856.6569345,11276660.8289658,-31922195.8279687,1624277010.3007371,424002447.1691141,-1200274563.131623
Lark Sparrow,Chondestes grammacus,29,Granivore,Generalist,Grassland,15020499.8750121,10662043.4182409,-4358456.4567712005,435594496.3753509,309199259.12898606,-126395237.24636483
Laughing Gull,Leucophaeus atricilla,307.4,Aquatic predator,Aerial,Coasts,364579.058630992,798828.152219692,434249.0935887,112071602.62316693,245559773.9923333,133488171.36916636
Lawrence's Goldfinch,Spinus lawrencei,10.9,Granivore,Terrestrial,Aridlands,451329.973814213,346617.691427191,-104712.28238702199,4919496.714574922,3778132.8365563825,-1141363.8780185394
Lazuli Bunting,Passerina amoena,15.5,Omnivore,Insessorial,Western Forest,5659613.59568376,6852679.78396174,1193066.1882779803,87724010.73309828,106216536.65140697,18492525.91830869
Least Bittern,Ixobrychus exilis,86.3,Aquatic predator,Terrestrial,Wetland,104161.884044519,140818.101952809,36656.21790829,8989170.59304199,12152602.198527416,3163431.6054854263
Least Flycatcher,Empidonax minimus,10,Invertivore,Insessorial,Eastern Forest,55832203.7976439,24291077.5373228,-31541126.2603211,558322037.976439,242910775.373228,-315411262.603211
Least Sandpiper,Calidris minutilla,22.9,Aquatic predator,Terrestrial,Wetland,786857.464339471,742964.460495706,-43893.00384376501,18019035.933373883,17013886.145351667,-1005149.7880222164
Least Tern,Sternula antillarum,45.9,Aquatic predator,Aerial,Coasts,206230.062646993,48968.1600837837,-157261.9025632093,9465959.875496978,2247638.547845672,-7218321.327651306
LeConte's Sparrow,Ammospiza leconteii,13,Granivore,Generalist,Grassland,12629184.6130861,4492836.50417427,-8136348.108911831,164179399.9701193,58406874.55426551,-105772525.4158538
LeConte's Thrasher,Toxostoma lecontei,61.9,Invertivore,Terrestrial,Aridlands,103797.102228701,43059.4802173129,-60737.6220113881,6425040.627956592,2665381.8254516684,-3759658.802504923
Lesser Goldfinch,Spinus psaltria,8.8,Granivore,Insessorial,Western Forest,3988160.53512079,6181243.12760626,2193082.5924854698,35095812.709062956,54394939.52293509,19299126.813872136
Lesser Nighthawk,Chordeiles acutipennis,48.4,Invertivore,Aerial,Aridlands,3721310.91738136,3891786.73741096,170475.8200295996,180111448.40125784,188362478.09069043,8251029.689432591
Lesser Scaup,Aythya affinis,819.5,Aquatic predator,Aquatic,Wetland,4191717.71362434,2967831.39687177,-1223886.3167525702,3435112666.3151464,2432137829.7364154,-1002974836.5787311
Lesser Yellowlegs,Tringa flavipes,77.5,Aquatic predator,Terrestrial,Wetland,1711961.26943047,621949.010337706,-1090012.259092764,132676998.38086142,48201048.30117221,-84475950.0796892
Lewis's Woodpecker,Melanerpes lewis,105.8,Invertivore,Insessorial,Western Forest,185112.701086074,76494.1164521915,-108618.58463388249,19584923.774906628,8093077.5206418615,-11491846.254264766
Limpkin,Aramus guarauna,1080,Aquatic predator,Terrestrial,Wetland,21022.5254898052,20997.986462485,-24.53902732019924,22704327.528989617,22677825.3794838,-26502.1495058164
Lincoln's Sparrow,Melospiza lincolnii,16.6,Omnivore,Generalist,Boreal Forest,89838556.1725998,87484926.3865474,-2353629.786052406,1491320032.465157,1452249778.016687,-39070254.448470116
Little Blue Heron,Egretta caerulea,338.6,Aquatic predator,Terrestrial,Wetland,477144.836968347,251865.119068153,-225279.71790019402,161561241.7974823,85281529.31647661,-76279712.4810057
Loggerhead Shrike,Lanius ludovicianus,51.6,Invertivore,Insessorial,Grassland,14441182.7278365,4251497.6731732,-10189685.0546633,745165028.7563635,219377279.93573713,-525787748.8206264
Long-billed Curlew,Numenius americanus,583.9,Omnivore,Terrestrial,Grassland,141518.066683534,144811.762554689,3293.6958711549814,82632399.1365155,84555588.15568289,1923189.0191673934
Long-billed Dowitcher,Limnodromus scolopaceus,104.4,Aquatic predator,Terrestrial,Arctic Tundra,232201.545453255,320950.810133703,88749.26468044799,24241841.345319822,33507264.577958595,9265423.232638773
Long-billed Thrasher,Toxostoma longirostre,67.6,Invertivore,Terrestrial,Aridlands,10840.2655845803,138755.802646406,127915.5370618257,732801.9535176283,9379892.258897044,8647090.305379415
Long-eared Owl,Asio otus,296.6,Vertivore,Aerial,Forest Generalist,90674.4483048283,34703.7381549939,-55970.7101498344,26894041.367212076,10293128.736771192,-16600912.630440883
Long-tailed Duck,Clangula hyemalis,871,Aquatic predator,Aquatic,Arctic Tundra,2995319.93619084,854794.152444006,-2140525.783746834,2608923664.4222217,744525706.7787292,-1864397957.6434925
Louisiana Waterthrush,Parkesia motacilla,19.9,Invertivore,Terrestrial,Eastern Forest,333458.48545347,484113.292969131,150654.807515661,6635823.860524053,9633854.530085707,2998030.6695616543
Lucy's Warbler,Leiothlypis luciae,6.6,Invertivore,Insessorial,Aridlands,1883659.57371995,3073073.35854976,1189413.7848298103,12432153.18655167,20282284.166428417,7850130.979876747
MacGillivray's Warbler,Geothlypis tolmiei,10.4,Invertivore,Generalist,Western Forest,16420980.588981,10577877.7969894,-5843102.791991601,170778198.12540242,110009929.08868976,-60768269.03671266
Magnolia Warbler,Setophaga magnolia,8.1,Invertivore,Insessorial,Boreal Forest,31054498.4921626,40844465.1070694,9789966.614906803,251541437.78651705,330840167.3672621,79298729.58074507
Mallard,Anas platyrhynchos,843.4,Herbivore aquatic,Aquatic,Wetland,10278975.734949,12367745.0253157,2088769.2903667,8669288134.855986,10430956154.351261,1761668019.4952755
Marbled Godwit,Limosa fedoa,357,Aquatic predator,Terrestrial,Wetland,237100.157664544,172288.125047182,-64812.03261736201,84644756.28624222,61506860.641843975,-23137895.644398242
Marbled Murrelet,Brachyramphus marmoratus,220,Aquatic predator,Aquatic,Coasts,591534.064829049,555876.772990921,-35657.291838128,130137494.26239079,122292890.05800264,-7844604.2043881565
Marsh Wren,Cistothorus palustris,10.8,Invertivore,Insessorial,Wetland,4892680.77290845,12727356.2773473,7834675.50443885,52840952.34741127,137455447.79535085,84614495.44793957
McCown's Longspur,Rhynchophanes mccownii,25.7,Granivore,Terrestrial,Grassland,4720275.66269924,785292.114389036,-3934983.5483102044,121311084.53137048,20182007.339798223,-101129077.19157225
Merlin,Falco columbarius,188.5,Vertivore,Aerial,Habitat Generalist,427320.049681599,2058454.41687592,1631134.367194321,80549829.36498141,388018657.58111095,307468828.21612954
Mew Gull,Larus canus,412.5,Omnivore,Terrestrial,Wetland,2891909.31223706,1039787.58091061,-1852121.7313264501,1192912591.2977874,428912377.1256266,-764000214.1721609
Mexican Jay,Aphelocoma wollweberi,113.3,Omnivore,Generalist,Western Forest,154463.785501146,157884.890699326,3421.105198180012,17500746.89727984,17888358.116233636,387611.21895379573
Mississippi Kite,Ictinia mississippiensis,276,Invertivore,Generalist,Eastern Forest,548839.903897481,859606.906232035,310767.002334554,151479813.47570476,237251506.12004167,85771692.64433691
Monk Parakeet,Myiopsitta monachus,120,Omnivore,Insessorial,Introduced,99.6130024622069,90602.6072205848,90502.99421812259,11953.560295464828,10872312.866470177,10860359.306174712
Mottled Duck,Anas fulvigula,843.4,Herbivore aquatic,Aquatic,Wetland,659008.237287569,226703.480389298,-432304.756898271,555807547.3283356,191201715.36033392,-364605831.9680017
Mountain Bluebird,Sialia currucoides,29.6,Invertivore,Insessorial,Western Forest,6635469.57373112,5608133.06645954,-1027336.5072715795,196409899.38244116,166000738.7672024,-30409160.615238756
Mountain Chickadee,Poecile gambeli,11.2,Invertivore,Insessorial,Western Forest,14287869.6355486,7238554.67366441,-7049314.961884191,160024139.91814432,81071812.34504138,-78952327.57310294
Mountain Plover,Charadrius montanus,95.7,Invertivore,Terrestrial,Grassland,69433.099402354,18233.2165360723,-51199.882866281696,6644747.612805278,1744918.8225021192,-4899828.790303159
Mountain Quail,Oreortyx pictus,233,Omnivore,Terrestrial,Western Forest,310591.041846813,239765.356798676,-70825.685048137,72367712.75030743,55865328.134091504,-16502384.616215922
Mourning Dove,Zenaida macroura,118.9,Granivore,Terrestrial,Habitat Generalist,153358470.742345,130884274.231624,-22474196.510720998,18234322171.26482,15562140206.140095,-2672181965.1247253
Mourning Warbler,Geothlypis philadelphia,11.7,Invertivore,Insessorial,Boreal Forest,23676883.3350854,13093356.2467386,-10583527.0883468,277019535.02049917,153192268.0868416,-123827266.93365756
Mute Swan,Cygnus olor,10682,Herbivore aquatic,Aquatic,Introduced,5866.58584485501,30124.143205962,24257.55736110699,62666869.99474122,321786097.7260861,259119227.73134488
Nashville Warbler,Leiothlypis ruficapilla,8.1,Invertivore,Insessorial,Boreal Forest,38160253.1542548,39363561.8906658,1203308.7364109978,309098050.54946387,318844851.314393,9746800.764929116
Nelson's Sparrow,Ammospiza nelsoni,15.1,Invertivore,Generalist,Wetland,447768.697456744,1212178.93412702,764410.2366702759,6761307.331596834,18303901.905318,11542594.573721167
Northern Bobwhite,Colinus virginianus,171.9,Omnivore,Terrestrial,Eastern Forest,27562802.2213932,6449583.53975335,-21113218.68163985,4738045701.8574915,1108683410.483601,-3629362291.3738904
Northern Cardinal,Cardinalis cardinalis,42.6,Omnivore,Insessorial,Eastern Forest,107690964.147955,119354531.458893,11663567.310938,4587635072.702883,5084503040.148842,496867967.4459591
Northern Flicker,Colaptes auratus,131.5,Invertivore,Generalist,Forest Generalist,18448356.4433008,10473900.9562135,-7974455.487087298,2425958872.294055,1377317975.7420752,-1048640896.5519798
Northern Fulmar,Fulmarus glacialis,611.9,Aquatic predator,Aquatic,Coasts,3600166.81997838,2737461.05577243,-862705.7642059503,2202942077.1447706,1675052420.0271497,-527889657.11762094
Northern Gannet,Morus bassanus,2998.7,Aquatic predator,Aerial,Coasts,37124.16422573,414907.700064258,377783.535838528,111324231.26369654,1244183720.1826904,1132859488.918994
Northern Goshawk,Accipiter gentilis,866,Vertivore,Generalist,Forest Generalist,166449.464908805,216052.111722546,49602.64681374098,144145236.61102512,187101128.75172484,42955892.140699714
Northern Harrier,Circus hudsonius,393,Vertivore,Aerial,Habitat Generalist,1137376.56360855,793452.473937471,-343924.08967107895,446988989.4981601,311826822.25742614,-135162167.24073398
Northern Mockingbird,Mimus polyglottos,48.5,Omnivore,Generalist,Habitat Generalist,43449225.7640898,33009046.8965142,-10440178.8675756,2107287449.5583553,1600938774.4809387,-506348675.07741666
Northern Parula,Setophaga americana,7.8,Invertivore,Insessorial,Forest Generalist,12182981.0564342,21581121.4504209,9398140.393986702,95027252.24018675,168332747.31328303,73305495.07309628
Northern Pintail,Anas acuta,944.6,Herbivore aquatic,Aquatic,Wetland,5884188.19956069,2923424.19531829,-2960764.0042423997,5558204173.305028,2761466494.897657,-2796737678.407371
Northern Pygmy-Owl,Glaucidium gnoma,61.3,Invertivore,Insessorial,Western Forest,103003.197137451,136467.880232506,33464.68309505499,6314095.984525746,8365481.058252617,2051385.073726871
Northern Rough-winged Swallow,Stelgidopteryx serripennis,15.7,Invertivore,Aerial,Habitat Generalist,23881334.394406,19912006.1703177,-3969328.2240883,374936949.99217415,312618496.87398785,-62318453.118186295
Northern Saw-whet Owl,Aegolius acadicus,100.7,Vertivore,Insessorial,Forest Generalist,966031.514278944,2379006.51947217,1412975.005193226,97279373.48788966,239565956.51084754,142286583.02295786
Northern Shoveler,Spatula clypeata,612.6,Aquatic predator,Aquatic,Wetland,2125620.7212879,4588706.68341811,2463085.96213021,1302155253.8609676,2811041714.2619343,1508886460.4009666
Northern Shrike,Lanius borealis,63.4,Vertivore,Insessorial,Arctic Tundra,476511.561802039,377490.963117014,-99020.598685025,30210833.01824927,23932927.061618686,-6277905.956630584
Northern Waterthrush,Parkesia noveboracensis,16.3,Invertivore,Terrestrial,Boreal Forest,12192615.91215,18527847.3816651,6335231.4695151,198739639.368045,302003912.3211411,103264272.95309612
Northwestern Crow,Corvus brachyrhynchos,448.8,Omnivore,Terrestrial,Western Forest,665259.454721263,719623.457345874,54364.00262461102,298568443.2789028,322967007.6568283,24398564.377925456
Nuttall's Woodpecker,Dryobates nuttallii,37.4,Invertivore,Insessorial,Western Forest,484578.181369526,799636.020536772,315057.83916724595,18123223.98322027,29906387.16807527,11783163.184855
Oak Titmouse,Baeolophus inornatus,15.9,Invertivore,Insessorial,Western Forest,1253526.42450576,660132.052236826,-593394.3722689339,19931070.149641585,10496099.630565533,-9434970.519076051
Olive Sparrow,Arremonops rufivirgatus,22.4,Omnivore,Generalist,Aridlands,199225.806616185,1038793.4333403,839567.626724115,4462658.068202544,23268972.90682272,18806314.838620175
Olive-sided Flycatcher,Contopus cooperi,32.1,Invertivore,Insessorial,Forest Generalist,6612758.22765833,1659284.25511212,-4953473.9725462105,212269539.10783243,53263024.58909905,-159006514.51873338
Orange-crowned Warbler,Leiothlypis celata,9.2,Invertivore,Insessorial,Forest Generalist,118067021.273589,78676532.1900423,-39390489.0835467,1086216595.7170186,723824096.1483891,-362392499.5686295
Orchard Oriole,Icterus spurius,19.4,Invertivore,Insessorial,Eastern Forest,14995086.3085915,10434351.4354987,-4560734.8730928,290904674.38667506,202426417.84867474,-88478256.53800032
Osprey,Pandion haliaetus,1483.2,Aquatic predator,Aerial,Wetland,128710.110333738,521206.793180502,392496.682846764,190902835.64700022,773053915.6453207,582151079.9983205
Ovenbird,Seiurus aurocapilla,18.8,Invertivore,Terrestrial,Eastern Forest,26194758.5412284,26557731.4433752,362972.90214680135,492461460.5750939,499285351.13545376,6823890.560359836
Pacific Golden-Plover,Pluvialis fulva,134.9,Omnivore,Terrestrial,Arctic Tundra,64791.3227019657,46151.3316417222,-18639.991060243497,8740349.432495173,6225814.638468325,-2514534.794026848
Pacific Wren,Troglodytes pacificus,9.4,Invertivore,Insessorial,Western Forest,8984581.02502955,6916623.46552379,-2067957.5595057597,84455061.63527776,65016260.57592362,-19438801.05935414
Pacific-slope Flycatcher,Empidonax difficilis,10.7,Invertivore,Insessorial,Western Forest,9741009.71993787,8622071.44109161,-1118938.2788462602,104228804.00333521,92256164.41968022,-11972639.583654985
Painted Bunting,Passerina ciris,15.5,Granivore,Terrestrial,Eastern Forest,15762010.9298577,13175427.7185987,-2586583.211259,244311169.41279435,204219129.63827983,-40092039.774514526
Palm Warbler,Setophaga palmarum,10.3,Invertivore,Insessorial,Boreal Forest,15842990.8905759,17160951.1124656,1317960.2218897007,163182806.1729318,176757796.45839572,13574990.28546393
Pectoral Sandpiper,Calidris melanotos,79.7,Aquatic predator,Terrestrial,Arctic Tundra,3048864.7989442,1515649.40948333,-1533215.3894608698,242994524.47585273,120797257.93582141,-122197266.54003131
Pelagic Cormorant,Urile pelagicus,1856.5,Aquatic predator,Aquatic,Coasts,179790.207667415,85016.9046764182,-94773.3029909968,333780520.534556,157833883.53177038,-175946637.0027856
Peregrine Falcon,Falco peregrinus,760,Vertivore,Aerial,Habitat Generalist,7568.16803052109,97244.2926187524,89676.12458823131,5751807.703196028,73905662.39025183,68153854.6870558
Phainopepla,Phainopepla nitens,22.1,Frugivore,Insessorial,Aridlands,1092833.04245198,1388005.35645546,295172.3140034799,24151610.238188762,30674918.37766567,6523308.1394769065
Philadelphia Vireo,Vireo philadelphicus,11.5,Invertivore,Insessorial,Boreal Forest,1875145.12793301,4879601.43483576,3004456.30690275,21564168.971229617,56115416.50061124,34551247.52938162
Pied-billed Grebe,Podilymbus podiceps,411.9,Aquatic predator,Aquatic,Wetland,874580.827177659,1206899.52284683,332318.69566917105,360239842.7144777,497121913.46060926,136882070.74613154
Pigeon Guillemot,Cepphus columba,530,Aquatic predator,Aquatic,Coasts,209061.061036219,301720.074341817,92659.013305598,110802362.34919608,159911639.401163,49109277.051966935
Pileated Woodpecker,Dryocopus pileatus,286.6,Invertivore,Insessorial,Eastern Forest,1441338.20675824,3002463.56719265,1561125.36043441,413087530.05691165,860506058.3574135,447418528.3005019
Pine Grosbeak,Pinicola enucleator,56.4,Omnivore,Insessorial,Boreal Forest,8018172.29622161,6906270.49678669,-1111901.7994349198,452224917.5068988,389513656.0187693,-62711261.4881295
Pine Siskin,Spinus pinus,12.7,Granivore,Insessorial,Forest Generalist,158557364.22825,36868735.1357785,-121688629.0924715,2013678525.6987748,468232936.22438693,-1545445589.474388
Pine Warbler,Setophaga pinus,11.8,Invertivore,Insessorial,Eastern Forest,8717843.78058723,13309532.1463103,4591688.36572307,102870556.61092933,157052479.32646155,54181922.71553223
Pinyon Jay,Gymnorhinus cyanocephalus,104.8,Omnivore,Generalist,Western Forest,2931010.25872245,630153.36907375,-2300856.8896487,307169875.11411273,66040073.078929,-241129802.03518373
Plumbeous Vireo,Vireo plumbeus,16.4,Invertivore,Insessorial,Western Forest,4160523.87055149,3201166.86498854,-959357.0055629504,68232591.47704443,52499136.58581205,-15733454.891232386
Prairie Falcon,Falco mexicanus,713.1,Vertivore,Aerial,Aridlands,60129.8491103014,107415.594939791,47285.7458294896,42878595.40055593,76598060.75156496,33719465.35100903
Prairie Warbler,Setophaga discolor,7.6,Invertivore,Insessorial,Eastern Forest,7155762.51458559,3356373.79300407,-3799388.72158152,54383795.11085048,25508440.82683093,-28875354.284019552
Prothonotary Warbler,Protonotaria citrea,14.3,Invertivore,Insessorial,Eastern Forest,3276772.37272389,1993443.93041543,-1283328.44230846,46857844.92995163,28506248.20494065,-18351596.72501098
Purple Finch,Haemorhous purpureus,23.3,Omnivore,Insessorial,Forest Generalist,10996631.5949626,6273783.15753376,-4722848.43742884,256221516.1626286,146179147.5705366,-110042368.59209198
Purple Gallinule,Porphyrio martinica,235.1,Herbivore aquatic,Terrestrial,Wetland,40359.3744467034,19461.6381076708,-20897.7363390326,9488488.932419969,4575431.119113404,-4913057.8133065645
Purple Martin,Progne subis,53.8,Invertivore,Aerial,Habitat Generalist,11878142.4556908,8521822.20495211,-3356320.2507386897,639044064.1161649,458474034.6264235,-180570029.48974144
Purple Sandpiper,Calidris maritima,65.1,Aquatic predator,Terrestrial,Arctic Tundra,38579.145591906,25685.3106555807,-12893.834936325304,2511502.3780330806,1672113.7236783034,-839388.6543547772
Pygmy Nuthatch,Sitta pygmaea,10.6,Invertivore,Insessorial,Western Forest,3689329.60141132,3119856.39845018,-569473.2029611398,39106893.77495999,33070477.823571905,-6036415.951388083
Pyrrhuloxia,Cardinalis sinuatus,35.2,Omnivore,Generalist,Aridlands,2886833.78057279,1470120.75723018,-1416713.02334261,101616549.07616222,51748250.65450234,-49868298.42165988
Razorbill,Alca torda,726,Aquatic predator,Aquatic,Coasts,13524.9383335226,891755.460982644,878230.5226491214,9819105.230137408,647414464.6733996,637595359.4432621
Red Crossbill,Loxia curvirostra,38.3,Granivore,Insessorial,Forest Generalist,9192998.81366224,9871198.98867036,678200.17500812,352091854.5632638,378066921.2660748,25975066.702811003
Red Knot,Calidris canutus,141.9,Aquatic predator,Terrestrial,Arctic Tundra,972909.425729988,146450.989945654,-826458.4357843341,138055847.5110853,20781395.473288305,-117274452.037797
Red-bellied Woodpecker,Melanerpes carolinus,69.5,Omnivore,Insessorial,Eastern Forest,10457161.8182529,16926284.3319109,6469122.513658,726772746.3685766,1176376761.0678077,449604014.699231
Red-breasted Merganser,Mergus serrator,1015.2,Aquatic predator,Aquatic,Arctic Tundra,972874.719258838,288699.745507682,-684174.973751156,987662414.9915724,293087981.63939875,-694574433.3521736
Red-breasted Nuthatch,Sitta canadensis,9.8,Omnivore,Insessorial,Forest Generalist,11318907.9831181,20248718.6526807,8929810.669562599,110925298.23455739,198437442.79627088,87512144.56171349
Red-breasted Sapsucker,Sphyrapicus ruber,54.8,Invertivore,Insessorial,Western Forest,1701569.881835,3056149.0722877802,1354579.1904527803,93246029.524558,167476969.16137034,74230939.63681234
Red-cockaded Woodpecker,Dryobates borealis,48,Invertivore,Insessorial,Eastern Forest,34197.1135331686,14047.5020429051,-20149.6114902635,1641461.449592093,674280.0980594448,-967181.3515326482
Red-eyed Vireo,Vireo olivaceus,16.1,Invertivore,Insessorial,Forest Generalist,94587566.8815969,138399970.568416,43812403.68681911,1522859826.7937102,2228239526.151498,705379699.3577876
Red-faced Cormorant,Urile urile,2117.7,Aquatic predator,Aquatic,Coasts,146417.957601076,59975.066436524,-86442.89116455198,310069308.8117986,127009198.19262686,-183060110.6191717
Red-faced Warbler,Cardellina rubrifrons,8.1,Invertivore,Insessorial,Western Forest,345270.325982771,256924.561044773,-88345.764937998,2796689.640460445,2081088.9444626612,-715600.6959977839
Red-headed Woodpecker,Melanerpes erythrocephalus,71.6,Invertivore,Insessorial,Eastern Forest,4244667.08747579,1801212.69867821,-2443454.38879758,303918163.4632665,128966829.22535981,-174951334.2379067
Red-naped Sapsucker,Sphyrapicus nuchalis,48.5,Omnivore,Insessorial,Western Forest,1250921.62874787,2094726.33740781,843804.7086599399,60669698.994271696,101594227.36427878,40924528.37000708
Red-necked Grebe,Podiceps grisegena,1023,Aquatic predator,Aquatic,Wetland,598486.897178709,906126.726127621,307639.828948912,612252095.8138194,926967640.8285563,314715545.0147369
Red-shouldered Hawk,Buteo lineatus,603.7,Vertivore,Aerial,Forest Generalist,572039.402333231,2249660.01871593,1677620.6163826992,345340187.1885716,1358119753.2988071,1012779566.1102356
Red-tailed Hawk,Buteo jamaicensis,1101.2,Vertivore,Insessorial,Habitat Generalist,1461430.3365985,3114830.43795451,1653400.1013560102,1609327086.6622682,3430051278.2755065,1820724191.6132383
Red-throated Loon,Gavia stellata,1486,Aquatic predator,Aquatic,Arctic Tundra,314179.340994821,409986.680969016,95807.339974195,466870500.718304,609240207.9199578,142369707.20165378
Red-winged Blackbird,Agelaius phoeniceus,50.8,Granivore,Generalist,Habitat Generalist,261183387.335734,168273498.349734,-92909888.986,13268116076.655287,8548293716.166487,-4719822360.4888
Reddish Egret,Egretta rufescens,614,Aquatic predator,Terrestrial,Coasts,2951.64488493917,5183.53950480709,2231.8946198679205,1812309.9593526504,3182693.2559515536,1370383.2965989031
Redhead,Aythya americana,1075.7,Herbivore aquatic,Aquatic,Wetland,568699.221564039,1193614.74602498,624915.524460941,611749752.6364368,1283971382.299071,672221629.6626343
Rhinoceros Auklet,Cerorhinca monocerata,482.2,Aquatic predator,Aquatic,Coasts,532871.426666246,1321014.53939989,788143.112733644,256950601.93846384,636993210.8986269,380042608.9601631
Ring-billed Gull,Larus delawarensis,516.3,Omnivore,Terrestrial,Wetland,2048397.94116421,4132370.60104955,2083972.65988534,1057587857.0230815,2133542941.3218825,1075955084.298801
Ring-necked Duck,Aythya collaris,704.6,Herbivore aquatic,Aquatic,Wetland,128628.617374783,578188.20893097,449559.591556187,90631723.80227211,407391412.01276153,316759688.2104894
Ring-necked Pheasant,Phasianus colchicus,1120.3,Omnivore,Terrestrial,Introduced,20687707.2563605,16513391.0952631,-4174316.1610974018,23176438439.300667,18499952044.02325,-4676486395.277416
Rock Pigeon,Columba livia,354.2,Granivore,Terrestrial,Introduced,25610457.1373445,15885280.1122493,-9725177.025095198,9071223918.04742,5626566215.758702,-3444657702.288718
Rock Sandpiper,Calidris ptilocnemis,81.3,Aquatic predator,Terrestrial,Arctic Tundra,342727.958644571,169432.497634354,-173295.46101021703,27863783.037803624,13774862.05767298,-14088920.980130645
Rock Wren,Salpinctes obsoletus,16.4,Invertivore,Terrestrial,Aridlands,5600624.22271088,3116040.14810139,-2484584.0746094906,91850237.25245844,51103058.42886279,-40747178.82359565
Rose-breasted Grosbeak,Pheucticus ludovicianus,42,Omnivore,Insessorial,Eastern Forest,6418250.95287423,4447495.39173287,-1970755.5611413606,269566540.0207177,186794806.45278051,-82771733.56793717
Roseate Spoonbill,Platalea ajaja,1490,Aquatic predator,Terrestrial,Wetland,1985.508158224,49792.570777811,47807.062619587,2958407.15575376,74190930.45893839,71232523.30318463
Ross's Goose,Anser rossii,1636,Herbivore terrestrial,Terrestrial,Arctic Tundra,315615.210812015,2553011.84430227,2237396.633490255,516346484.8884565,4176727377.278514,3660380892.3900576
Rough-legged Hawk,Buteo lagopus,949.8,Vertivore,Insessorial,Arctic Tundra,308493.081235308,319430.440584581,10937.35934927297,293006728.55729556,303395032.467235,10388303.909939468
Royal Tern,Thalasseus maximus,415.3,Aquatic predator,Aerial,Coasts,35633.9215406633,41283.4253387267,5649.503798063401,14798767.61583747,17145006.5431732,2346238.9273357317
Ruby-crowned Kinglet,Corthylio calendula,6.2,Invertivore,Insessorial,Boreal Forest,85170843.5988913,105192798.200174,20021954.6012827,528059230.3131261,652195348.8410789,124136118.52795279
Ruby-throated Hummingbird,Archilochus colubris,3.1,Nectarivore,Generalist,Eastern Forest,20749976.2785513,38100615.8596299,17350639.5810786,64324926.46350903,118111909.1648527,53786982.70134366
Ruddy Duck,Oxyura jamaicensis,608.2,Aquatic predator,Aquatic,Wetland,717902.075516385,1515722.90156502,797820.826048635,436628042.3290654,921862668.7318453,485234626.4027799
Ruddy Turnstone,Arenaria interpres,136,Aquatic predator,Terrestrial,Arctic Tundra,1327113.42514283,220441.197895197,-1106672.227247633,180487425.81942487,29980002.913746793,-150507422.90567806
Ruffed Grouse,Bonasa umbellus,530.9,Herbivore terrestrial,Generalist,Forest Generalist,15163425.3205237,17686221.6970903,2522796.376566602,8050262502.666032,9389615098.98524,1339352596.319209
Rufous Hummingbird,Selasphorus rufus,3.5,Nectarivore,Aerial,Western Forest,50841988.837643,19233486.9312548,-31608501.906388197,177946960.93175048,67317204.2593918,-110629756.67235868
Rufous-crowned Sparrow,Aimophila ruficeps,18.7,Granivore,Generalist,Aridlands,823727.601851438,594772.697095648,-228954.90475579002,15403706.154621892,11122249.435688619,-4281456.718933273
Rusty Blackbird,Euphagus carolinus,59.6,Omnivore,Terrestrial,Boreal Forest,29408820.6956218,5975170.55210821,-23433650.14351359,1752765713.4590592,356120164.9056493,-1396645548.55341
Sage Thrasher,Oreoscoptes montanus,44.2,Invertivore,Terrestrial,Aridlands,10297022.4854901,5981649.14754384,-4315373.33794626,455128393.8586625,264388892.32143775,-190739501.53722474
Sagebrush Sparrow,Artemisiospiza nevadensis,18.5,Granivore,Terrestrial,Aridlands,5811730.30840952,5430547.43100712,-381182.8774024006,107517010.70557612,100465127.47363171,-7051883.231944412
Sanderling,Calidris alba,51.7,Aquatic predator,Terrestrial,Arctic Tundra,1054227.85317495,272345.224049717,-781882.629125233,54503580.00914492,14080248.08337037,-40423331.925774544
Sandhill Crane,Antigone canadensis,4296.2,Omnivore,Terrestrial,Wetland,75904.1740372117,774727.632911719,698823.4588745073,326099512.4986689,3328384856.515327,3002285344.016658
Sandwich Tern,Thalasseus sandvicensis,199.8,Aquatic predator,Aerial,Coasts,87592.4097831528,145710.501386981,58118.09160382819,17500963.47467393,29112958.177118804,11611994.702444874
Savannah Sparrow,Passerculus sandwichensis,20,Omnivore,Generalist,Grassland,292995193.57412,151984135.736348,-141011057.83777198,5859903871.4824,3039682714.72696,-2820221156.7554398
Say's Phoebe,Sayornis saya,20.9,Invertivore,Insessorial,Habitat Generalist,3372969.34417088,5431342.79861212,2058373.4544412396,70495059.29317139,113515064.49099329,43020005.1978219
Scaled Quail,Callipepla squamata,183.9,Omnivore,Terrestrial,Aridlands,5363909.38570586,4439536.67479337,-924372.7109124903,986422936.0313077,816430794.4945008,-169992141.53680694
Scarlet Tanager,Piranga olivacea,28.2,Invertivore,Insessorial,Eastern Forest,2823791.63723409,2522132.69031714,-301658.94691694994,79630924.17000133,71124141.86694334,-8506782.303057984
Scissor-tailed Flycatcher,Tyrannus forficatus,39.3,Invertivore,Insessorial,Grassland,10041059.2139888,7750055.79506196,-2291003.4189268397,394613627.1097598,304577192.745935,-90036434.36382478
Scott's Oriole,Icterus parisorum,36.5,Invertivore,Insessorial,Western Forest,2413701.21303077,1643594.26972169,-770106.9433090799,88100094.2756231,59991190.84484169,-28108903.43078141
Seaside Sparrow,Ammospiza maritima,22.2,Invertivore,Terrestrial,Coasts,122755.498969805,255821.41223082,133065.91326101497,2725172.077129671,5679235.351524203,2954063.274394532
Sedge Wren,Cistothorus platensis,9,Invertivore,Insessorial,Grassland,3282379.39164524,5135598.52358094,1853219.1319357003,29541414.524807163,46220386.71222846,16678972.1874213
Semipalmated Plover,Charadrius semipalmatus,46.7,Aquatic predator,Terrestrial,Arctic Tundra,236576.127479821,204415.66853399,-32160.458945830993,11048105.15330764,9546211.720537335,-1501893.4327703062
Semipalmated Sandpiper,Calidris pusilla,27.5,Aquatic predator,Terrestrial,Arctic Tundra,7109451.75274689,2379545.1332507,-4729906.619496191,195509923.20053947,65437491.164394245,-130072432.03614523
Sharp-shinned Hawk,Accipiter striatus,130.6,Vertivore,Aerial,Forest Generalist,252494.684323626,438337.553766036,185842.86944241,32975805.772665553,57246884.5218443,24271078.749178745
Sharp-tailed Grouse,Tympanuchus phasianellus,882.4,Herbivore terrestrial,Terrestrial,Grassland,576886.982448306,842803.586428174,265916.603979868,509045073.31238526,743689884.6642208,234644811.35183555
Short-billed Dowitcher,Limnodromus griseus,110.5,Aquatic predator,Terrestrial,Wetland,326134.239086143,156064.739983983,-170069.49910215999,36037833.4190188,17245153.76823012,-18792679.650788676
Short-eared Owl,Asio flammeus,322.6,Vertivore,Aerial,Habitat Generalist,1151227.78265639,591607.600476357,-559620.182180033,371386082.6849514,190852611.9136728,-180533470.77127862
Smith's Longspur,Calcarius pictus,26.7,Granivore,Terrestrial,Arctic Tundra,70906.1167745986,102990.488482964,32084.371708365405,1893193.3178817825,2749846.042495139,856652.7246133564
Snow Bunting,Plectrophenax nivalis,42.2,Granivore,Terrestrial,Arctic Tundra,26930801.0561451,14605816.1979682,-12324984.858176902,1136479804.5693233,616365443.5542581,-520114361.0150652
Snow Goose,Anser caerulescens,2636.2,Herbivore terrestrial,Terrestrial,Arctic Tundra,1540796.35898318,14494424.7136609,12953628.35467772,4061847361.551459,38210202430.15286,34148355068.601402
Snowy Egret,Egretta thula,371,Aquatic predator,Terrestrial,Wetland,94261.2765177085,254676.052653335,160414.7761356265,34970933.58806985,94484815.53438729,59513881.94631744
Snowy Owl,Bubo scandiacus,2028.8,Vertivore,Insessorial,Arctic Tundra,27699.6841577088,15179.3278714194,-12520.356286289401,56197119.21915962,30795820.38553568,-25401298.83362394
Snowy Plover,Charadrius nivosus,42.3,Aquatic predator,Terrestrial,Coasts,27523.1098448571,32819.436614702,5296.326769844898,1164227.546437455,1388262.1688018944,224034.6223644393
Solitary Sandpiper,Tringa solitaria,48.4,Aquatic predator,Terrestrial,Wetland,149952.239789058,200395.015410527,50442.775621469016,7257688.405790406,9699118.745869506,2441430.3400791
Song Sparrow,Melospiza melodia,21.9,Omnivore,Generalist,Habitat Generalist,174131005.954673,118763923.85112,-55367082.103553,3813469030.407338,2600929932.3395276,-1212539098.0678105
Sooty Grouse,Dendragapus fuliginosus,1047.3,Herbivore terrestrial,Generalist,Western Forest,3085195.75084739,1911577.17200507,-1173618.57884232,3231125509.862471,2001994772.2409096,-1229130737.6215615
Sora,Porzana carolina,74.8,Omnivore,Terrestrial,Wetland,3690169.84366298,4683034.59538963,992864.7517266497,276024704.3059909,350290987.7351443,74266283.42915344
Spotted Sandpiper,Actitis macularius,40.4,Aquatic predator,Terrestrial,Wetland,1218808.95183963,629504.101580952,-589304.8502586781,49239881.65432105,25431965.703870457,-23807915.950450595
Spotted Towhee,Pipilo maculatus,39.3,Omnivore,Generalist,Western Forest,37808362.9594115,35117063.916386,-2691299.043025501,1485868664.3048718,1380100611.9139698,-105768052.39090204
Sprague's Pipit,Anthus spragueii,25.5,Invertivore,Terrestrial,Grassland,5015368.69312099,1158592.76820917,-3856775.92491182,127891901.67458524,29544115.589333836,-98347786.0852514
Spruce Grouse,Canachites canadensis,473.7,Herbivore terrestrial,Terrestrial,Boreal Forest,7420117.22445008,13931986.8950906,6511869.670640521,3514909529.2220025,6599582192.204417,3084672662.9824147
Steller's Eider,Polysticta stelleri,806.8,Aquatic predator,Aquatic,Arctic Tundra,462485.667897131,162534.564145385,-299951.103751746,373133436.8594053,131132886.35249661,-242000550.50690866
Steller's Jay,Cyanocitta stelleri,128,Omnivore,Insessorial,Western Forest,2997725.13756211,2657177.19581468,-340547.94174743025,383708817.6079501,340118681.064279,-43590136.54367107
Stilt Sandpiper,Calidris himantopus,57.2,Aquatic predator,Terrestrial,Arctic Tundra,2042501.61584701,1254798.6001799,-787703.01566711,116831092.42644897,71774479.93029028,-45056612.49615869
Summer Tanager,Piranga rubra,29.1,Invertivore,Insessorial,Eastern Forest,10255100.0238308,11788944.5748392,1533844.5510084014,298423410.69347626,343058287.1278208,44634876.43434453
Surf Scoter,Melanitta perspicillata,1096.3,Aquatic predator,Aquatic,Wetland,571151.399030957,630057.009866714,58905.61083575699,626153278.7576382,690731499.9168786,64578221.159240365
Surfbird,Calidris virgata,201,Aquatic predator,Terrestrial,Arctic Tundra,133839.994293329,69675.4966810862,-64164.49761224279,26901838.852959126,14004774.832898324,-12897064.020060802
Swainson's Hawk,Buteo swainsoni,946.6,Vertivore,Insessorial,Grassland,575188.326862388,915042.90056118,339854.5736987919,544473270.2079365,866179609.671213,321706339.4632765
Swainson's Thrush,Catharus ustulatus,30.3,Invertivore,Insessorial,Forest Generalist,160883626.621367,117779529.745262,-43104096.87610501,4874773886.62742,3568719751.281439,-1306054135.3459816
Swainson's Warbler,Limnothlypis swainsonii,18.9,Invertivore,Terrestrial,Eastern Forest,74162.2771960423,189890.151211947,115727.8740159047,1401667.0390051992,3588923.857905798,2187256.818900599
Swallow-tailed Kite,Elanoides forficatus,416.2,Invertivore,Generalist,Eastern Forest,607.220261317445,7927.37397423991,7320.153712922465,252725.0727603206,3299373.0480786506,3046647.97531833
Swamp Sparrow,Melospiza georgiana,16.1,Omnivore,Generalist,Wetland,14978262.2591403,25419340.9851863,10441078.726046002,241150022.37215886,409251389.8614995,168101367.48934063
Tennessee Warbler,Leiothlypis peregrina,8.9,Invertivore,Insessorial,Boreal Forest,189598635.658654,109432347.40219,-80166288.256464,1687427857.3620207,973947891.8794911,-713479965.4825296
Thick-billed Murre,Uria lomvia,964,Aquatic predator,Aquatic,Coasts,13454474.576718,4476122.61377265,-8978351.96294535,12970113491.956152,4314982199.676835,-8655131292.279316
Townsend's Solitaire,Myadestes townsendi,33.2,Omnivore,Insessorial,Western Forest,938225.413875464,1101144.90441866,162919.4905431961,31149083.740665406,36558010.82669952,5408927.086034112
Townsend's Warbler,Setophaga townsendi,8.8,Invertivore,Insessorial,Western Forest,28964348.5322843,20501035.0721065,-8463313.460177802,254886267.08410186,180409108.63453722,-74477158.44956464
Tree Swallow,Tachycineta bicolor,21.2,Invertivore,Aerial,Habitat Generalist,31039562.6963384,18342666.3686532,-12696896.3276852,658038729.162374,388864527.01544785,-269174202.14692616
Tricolored Blackbird,Agelaius tricolor,57.9,Invertivore,Terrestrial,Wetland,466811.911445174,465763.901309591,-1048.0101355829975,27028409.672675576,26967729.88582532,-60679.78685025498
Tricolored Heron,Egretta tricolor,372.3,Aquatic predator,Terrestrial,Wetland,68948.690090391,56921.8120779236,-12026.878012467401,25669597.32065257,21191990.636610955,-4477606.684041616
Trumpeter Swan,Cygnus buccinator,11071.1,Herbivore aquatic,Aquatic,Wetland,3566.9532576635,60258.6534086152,56691.7001509517,39490096.210918374,667129577.7521198,627639481.5412014
Tufted Titmouse,Baeolophus bicolor,21.6,Invertivore,Insessorial,Eastern Forest,7912238.77214285,12899972.6991932,4987733.92705035,170904357.47828558,278639410.30257314,107735052.82428756
Tundra Swan,Cygnus columbianus,6378,Herbivore aquatic,Aquatic,Arctic Tundra,179705.978546775,192185.947142606,12479.968595830986,1146164731.171331,1225761970.875541,79597239.70421004
Turkey Vulture,Cathartes aura,1518.2,Scavenger,Terrestrial,Habitat Generalist,3241326.06766462,10312019.4933211,7070693.425656481,4920981235.928426,15655707994.760096,10734726758.831669
Upland Sandpiper,Bartramia longicauda,158.9,Invertivore,Terrestrial,Grassland,621860.490315254,783748.924412066,161888.43409681204,98813631.91109386,124537704.0890773,25724072.177983433
Varied Bunting,Passerina versicolor,12.9,Omnivore,Generalist,Aridlands,51667.4490908508,78911.9333000057,27244.484209154893,666510.0932719754,1017963.9395700735,351453.8462980981
Varied Thrush,Ixoreus naevius,77.5,Omnivore,Generalist,Western Forest,81963389.8091382,30064593.489838,-51898796.31930019,6352162710.20821,2330005995.4624453,-4022156714.7457647
Vaux's Swift,Chaetura vauxi,17.1,Invertivore,Aerial,Western Forest,656498.136884843,398809.9998128,-257688.13707204303,11226118.140730817,6819650.99679888,-4406467.1439319365
Veery,Catharus fuscescens,31.9,Invertivore,Terrestrial,Forest Generalist,17738329.150281,10707360.9717133,-7030968.1785677,565852699.8939639,341564814.99765426,-224287884.89630967
Verdin,Auriparus flaviceps,6.8,Invertivore,Insessorial,Aridlands,6277503.8093658,3626898.14907722,-2650605.6602885798,42687025.90368744,24662907.413725093,-18024118.489962347
Vermilion Flycatcher,Pyrocephalus rubinus,14.4,Invertivore,Insessorial,Aridlands,343441.535103998,591255.782637972,247814.24753397406,4945558.105497571,8514083.269986797,3568525.1644892264
Vesper Sparrow,Pooecetes gramineus,25.7,Omnivore,Generalist,Grassland,50517924.2492595,33426983.0560648,-17090941.193194702,1298310653.205969,859073464.5408653,-439237188.6651038
Violet-green Swallow,Tachycineta thalassina,14.1,Invertivore,Aerial,Western Forest,9080178.65775005,6451138.95692279,-2629039.7008272596,128030519.0742757,90961059.29261133,-37069459.78166437
Virginia Rail,Rallus limicola,84.1,Aquatic predator,Terrestrial,Wetland,134406.298960012,263891.621656024,129485.32269601201,11303569.742537009,22193285.38127162,10889715.63873461
Virginia's Warbler,Leiothlypis virginiae,8.2,Invertivore,Insessorial,Western Forest,2039314.31544296,825826.932312303,-1213487.383130657,16722377.386632271,6771780.844960884,-9950596.541671388
Wandering Tattler,Tringa incana,108.2,Aquatic predator,Terrestrial,Arctic Tundra,109630.764972116,14740.658514238,-94890.10645787799,11862048.76998295,1594939.2512405517,-10267109.5187424
Warbling Vireo,Vireo gilvus,12.7,Invertivore,Insessorial,Forest Generalist,36414991.6293226,55244527.0609762,18829535.431653596,462470393.69239706,701605493.6743977,239135099.98200065
Western Bluebird,Sialia mexicana,26.4,Omnivore,Insessorial,Western Forest,4172622.85928695,6093895.87305489,1921273.01376794,110157243.48517548,160878851.04864907,50721607.5634736
Western Grebe,Aechmophorus occidentalis,1137,Aquatic predator,Aquatic,Wetland,2933831.51155462,926453.752032376,-2007377.7595222443,3335766428.6376033,1053377916.0608115,-2282388512.576792
Western Gull,Larus occidentalis,922.8,Omnivore,Generalist,Coasts,77312.5414411456,49233.7591233151,-28078.782317830497,71344013.24188916,45432912.91899517,-25911100.322893992
Western Kingbird,Tyrannus verticalis,39.6,Invertivore,Insessorial,Grassland,26826272.1650869,27582925.7410988,756653.5760118999,1062320377.7374412,1092283859.3475125,29963481.6100713
Western Meadowlark,Sturnella neglecta,100.1,Invertivore,Terrestrial,Grassland,155036455.160601,89806008.5967916,-65230446.563809395,15519149161.576159,8989581460.538837,-6529567701.037321
Western Sandpiper,Calidris mauri,27.8,Aquatic predator,Terrestrial,Arctic Tundra,3886554.53502533,3616181.83471123,-270372.7003140999,108046216.07370417,100529855.00497219,-7516361.068731979
Western Screech-Owl,Megascops kennicottii,141.8,Invertivore,Insessorial,Western Forest,364286.882706699,235934.378932462,-128352.50377423703,51655879.96780992,33455494.93262311,-18200385.035186812
Western Tanager,Piranga ludoviciana,28.1,Invertivore,Insessorial,Western Forest,10020909.2948654,16310764.6884428,6289855.393577401,281587551.18571776,458332487.7452427,176744936.55952495
Western Wood-Pewee,Contopus sordidulus,13.1,Invertivore,Insessorial,Western Forest,17602497.5948724,8585784.08193374,-9016713.51293866,230592718.49282843,112473771.473332,-118118947.01949643
Whimbrel,Numenius phaeopus,364.6,Omnivore,Terrestrial,Arctic Tundra,162282.054204613,70601.8567689369,-91680.1974356761,59168036.96300191,25741436.97795439,-33426599.985047515
White Ibis,Eudocimus albus,889.7,Aquatic predator,Terrestrial,Wetland,250180.067774128,1691095.09513836,1440915.027364232,222585206.29864168,1504567306.144599,1281982099.8459573
White-breasted Nuthatch,Sitta carolinensis,21,Omnivore,Insessorial,Forest Generalist,4730869.68658509,11223816.5850739,6492946.898488809,99348263.41828689,235700148.2865519,136351884.868265
White-crowned Sparrow,Zonotrichia leucophrys,28,Omnivore,Generalist,Habitat Generalist,89557814.1788794,80317331.6394464,-9240482.539433002,2507618797.008623,2248885285.904499,-258733511.10412407
White-eyed Vireo,Vireo griseus,11.4,Invertivore,Insessorial,Eastern Forest,16612537.9691571,23676548.8078654,7064010.8387083,189382932.84839094,269912656.4096656,80529723.56127465
White-faced Ibis,Plegadis chihi,616.9,Aquatic predator,Terrestrial,Wetland,671679.325188098,2307097.60439771,1635418.279209612,414358975.70853764,1423248512.1529472,1008889536.4444096
White-headed Woodpecker,Dryobates albolarvatus,61.1,Invertivore,Insessorial,Western Forest,171578.091742109,261188.281100933,89610.18935882399,10483421.405442862,15958603.975267006,5475182.569824144
White-rumped Sandpiper,Calidris fuscicollis,43,Aquatic predator,Terrestrial,Arctic Tundra,1303983.35353596,1819800.18629388,515816.83275792,56071284.202046275,78251408.01063684,22180123.80859056
White-tailed Kite,Elanus leucurus,346,Vertivore,Aerial,Habitat Generalist,27111.2348688002,14722.0758599553,-12389.1590088449,9380487.264604868,5093838.247544534,-4286649.017060335
White-throated Sparrow,Zonotrichia albicollis,24.4,Omnivore,Terrestrial,Boreal Forest,244322006.336231,150595682.91871,-93726323.417521,5961456954.604036,3674534663.2165236,-2286922291.3875127
White-throated Swift,Aeronautes saxatalis,32.1,Invertivore,Aerial,Aridlands,2881831.3702565,2372630.9003688,-509200.46988769993,92506786.98523365,76161451.90183848,-16345335.083395168
White-winged Crossbill,Loxia leucoptera,28.7,Omnivore,Insessorial,Boreal Forest,15986051.2436511,47515033.7856583,31528982.5420072,458799670.6927865,1363681469.6483932,904881798.9556067
White-winged Dove,Zenaida asiatica,153,Granivore,Generalist,Aridlands,3317764.91951039,5831184.45499301,2513419.5354826194,507618032.6850897,892171221.6139305,384553188.92884076
White-winged Scoter,Melanitta fusca,1800.2,Aquatic predator,Aquatic,Wetland,476602.604658319,437027.82190125,-39574.782757068984,857980008.9059058,786737484.9866302,-71242523.91927564
Wild Turkey,Meleagris gallopavo,5791.4,Omnivore,Terrestrial,Forest Generalist,351846.100182269,11799364.5588666,11447518.45868433,2037681504.5955925,68334839906.220024,66297158401.624435
Willet,Tringa semipalmata,245.7,Aquatic predator,Terrestrial,Wetland,322126.479977978,250069.424174935,-72057.05580304298,79146476.13058919,61442057.51978153,-17704418.610807657
Williamson's Sapsucker,Sphyrapicus thyroideus,47.6,Invertivore,Insessorial,Western Forest,268913.199458973,303082.314328178,34169.11486920499,12800268.294247117,14426718.162021274,1626449.8677741569
Willow Flycatcher,Empidonax traillii,13.4,Invertivore,Insessorial,Eastern Forest,10820518.3557157,7882730.91347278,-2937787.4422429195,144994945.96659037,105628594.24053526,-39366351.726055115
Willow Ptarmigan,Lagopus lagopus,566.9,Herbivore terrestrial,Terrestrial,Arctic Tundra,13126711.878024,14771420.610254,1644708.7322300002,7441532963.651806,8373918343.952992,932385380.3011866
Wilson's Phalarope,Phalaropus tricolor,59.4,Aquatic predator,Terrestrial,Wetland,1652200.9794342,1574876.28930941,-77324.69012479018,98140738.17839149,93547651.58497895,-4593086.593412533
Wilson's Plover,Charadrius wilsonia,55.1,Aquatic predator,Terrestrial,Coasts,18529.9156644916,11140.0704665709,-7389.8451979207,1020998.3531134872,613817.8827080566,-407180.47040543065
Wilson's Snipe,Gallinago delicata,112.9,Aquatic predator,Terrestrial,Wetland,1817136.60161494,2205277.07077707,388140.4691621298,205154722.32232672,248975781.2907312,43821058.96840447
Wilson's Warbler,Cardellina pusilla,7,Invertivore,Insessorial,Forest Generalist,156644232.859023,75618786.2676647,-81025446.5913583,1096509630.013161,529331503.87365294,-567178126.139508
Winter Wren,Troglodytes hiemalis,8.9,Invertivore,Insessorial,Boreal Forest,8334061.48490816,10463829.6334255,2129768.1485173404,74173147.21568263,93128083.73748696,18954936.521804333
Wood Duck,Aix sponsa,657.6,Omnivore,Generalist,Wetland,1055062.1808154,2441182.02800404,1386119.84718864,693808890.1042072,1605321301.6154568,911512411.5112497
Wood Stork,Mycteria americana,2554.5,Aquatic predator,Terrestrial,Wetland,12871.5708182471,23314.4098667478,10442.839048500698,32880427.65521222,59556660.00460725,26676232.349395033
Wood Thrush,Hylocichla mustelina,50.1,Invertivore,Generalist,Eastern Forest,26672117.4031893,11444535.8630079,-15227581.540181402,1336273081.899784,573371246.7366958,-762901835.1630883
Woodhouse's Scrub-Jay,Aphelocoma woodhouseii,90.2,Omnivore,Terrestrial,Western Forest,746889.164417274,675085.956653915,-71803.20776335895,67369402.63043812,60892753.290183134,-6476649.340254985
Worm-eating Warbler,Helmitheros vermivorum,14.2,Invertivore,Insessorial,Eastern Forest,678675.482055559,829924.223343474,151248.74128791492,9637191.845188938,11784923.97147733,2147732.1262883916
Wrentit,Chamaea fasciata,14.7,Invertivore,Insessorial,Aridlands,2302538.72351342,1677181.37907153,-625357.3444418903,33847319.235647276,24654566.27235149,-9192752.963295788
Yellow Warbler,Setophaga petechia,10.2,Invertivore,Insessorial,Forest Generalist,119557058.16264,88889784.2503096,-30667273.912330404,1219481993.258928,906675799.3531579,-312806193.9057702
Yellow-bellied Flycatcher,Empidonax flaviventris,11.8,Invertivore,Insessorial,Boreal Forest,5468128.33722484,16490942.5982467,11022814.26102186,64523914.37925312,194593122.65931106,130069208.28005794
Yellow-bellied Sapsucker,Sphyrapicus varius,50.3,Omnivore,Insessorial,Eastern Forest,8227065.53438369,15106536.4461394,6879470.911755711,413821396.37949955,759858783.2408118,346037386.86131227
Yellow-billed Cuckoo,Coccyzus americanus,64,Invertivore,Insessorial,Eastern Forest,15734495.9876415,7958967.79839295,-7775528.189248551,1007007743.209056,509373939.0971488,-497633804.11190724
Yellow-billed Loon,Gavia adamsii,4944.3,Aquatic predator,Aquatic,Arctic Tundra,50164.1752981277,11962.2008623181,-38201.97443580961,248026731.9265328,59144709.72355938,-188882022.20297343
Yellow-billed Magpie,Pica nuttalli,158.3,Omnivore,Terrestrial,Western Forest,962423.402546937,278472.883151526,-683950.519395411,152351624.62318015,44082257.40288657,-108269367.22029358
Yellow-breasted Chat,Icteria virens,24.9,Invertivore,Insessorial,Eastern Forest,18537475.9248984,14638103.2154867,-3899372.709411701,461583150.52997017,364488770.0656188,-97094380.46435136
Yellow-crowned Night-Heron,Nyctanassa violacea,681.7,Aquatic predator,Terrestrial,Coasts,155756.142129941,130525.349343257,-25230.792786684004,106178962.08998078,88979130.6472983,-17199831.442682475
Yellow-headed Blackbird,Xanthocephalus xanthocephalus,62.7,Granivore,Terrestrial,Wetland,12459884.5956072,11486003.7609863,-973880.8346209005,781234764.1445715,720172435.8138411,-61062328.33073044
Yellow-rumped Warbler,Setophaga coronata,11.9,Invertivore,Insessorial,Forest Generalist,181584946.011098,173863139.365532,-7721806.645565987,2160860857.5320663,2068971358.449831,-91889499.08223534
Yellow-throated Vireo,Vireo flavifrons,18,Invertivore,Insessorial,Eastern Forest,3023879.12712288,5180367.38841764,2156488.26129476,54429824.28821184,93246612.99151751,38816788.70330568
Yellow-throated Warbler,Setophaga dominica,9.7,Invertivore,Insessorial,Eastern Forest,1489898.9179995,2259671.89111749,769772.97311799,14452019.50459515,21918817.34383965,7466797.8392445
